distancia,cant
1434.90,1
1485.60,1
1487.10,1
1529.30,1
1534.20,1
1538.70,1
1542.30,1
1548.20,1
1548.80,1
1552.70,1
1555.50,1
1560.20,1
1563.60,1
1565.10,1
1568.60,1
1572.60,1
1579.30,1
1580.00,1
1589.60,1
1593.80,1
1595.90,1
1596.60,1
1597.00,1
1600.40,1
1604.80,1
1605.60,1
1606.90,1
1609.80,1
1611.90,1
1612.80,1
1613.50,1
1613.70,1
1615.60,1
1618.90,1
1619.10,1
1620.00,1
1622.30,1
1623.00,1
1628.00,1
1628.20,1
1631.20,1
1632.00,1
1636.00,1
1637.10,1
1638.40,1
1638.70,1
1639.40,1
1643.40,1
1643.50,1
1644.10,1
1647.90,1
1648.40,1
1648.50,1
1653.30,1
1653.70,2
1654.40,1
1654.70,1
1654.80,1
1657.80,1
1658.60,1
1660.70,1
1661.60,1
1666.30,1
1666.40,1
1670.70,1
1671.20,1
1671.30,1
1674.50,1
1675.10,1
1675.70,1
1676.60,1
1679.70,1
1680.90,1
1681.20,1
1682.80,1
1683.00,1
1684.50,1
1687.20,1
1687.40,1
1688.70,1
1689.40,1
1690.70,1
1692.50,1
1692.60,1
1692.80,1
1693.10,1
1693.30,1
1693.80,1
1693.90,1
1695.10,1
1696.30,1
1696.80,1
1702.00,1
1702.30,2
1702.70,1
1704.00,1
1704.80,1
1705.50,1
1705.70,1
1706.70,1
1708.30,1
1708.70,1
1708.90,2
1709.10,1
1709.70,1
1711.90,1
1713.50,2
1713.70,1
1715.10,1
1716.10,2
1717.90,2
1718.90,1
1719.30,1
1720.00,1
1720.10,1
1720.20,1
1720.60,1
1720.80,1
1721.00,1
1721.50,1
1721.90,1
1722.20,1
1722.40,1
1722.90,1
1723.60,1
1724.00,1
1724.10,1
1724.20,1
1724.70,1
1724.80,2
1725.80,1
1727.60,1
1728.50,1
1729.70,1
1730.20,1
1730.40,1
1731.00,1
1731.10,1
1732.20,1
1732.30,1
1732.60,1
1734.50,1
1736.40,1
1736.50,1
1736.70,1
1736.80,1
1737.40,1
1737.50,1
1738.10,1
1738.20,2
1738.90,1
1739.00,1
1740.10,1
1740.20,1
1740.30,1
1741.40,1
1742.20,2
1742.50,1
1742.80,1
1743.50,1
1743.80,1
1744.10,1
1745.10,1
1745.20,1
1745.70,1
1746.10,1
1746.20,1
1747.90,1
1748.40,1
1748.70,2
1749.60,1
1750.40,1
1751.10,1
1751.20,1
1751.50,1
1751.80,1
1752.30,1
1753.20,1
1753.40,1
1755.00,1
1755.10,1
1755.60,1
1755.80,1
1756.00,2
1756.30,1
1757.40,1
1757.80,1
1757.90,1
1758.30,1
1758.60,1
1758.90,1
1759.80,1
1760.10,1
1760.30,1
1761.70,1
1762.50,1
1762.60,1
1762.70,1
1763.70,1
1763.90,1
1764.60,1
1764.90,1
1765.00,1
1765.50,1
1765.60,1
1766.40,1
1766.70,1
1767.40,1
1767.60,1
1768.30,1
1770.00,1
1771.50,2
1771.70,1
1771.80,1
1771.90,2
1772.20,1
1772.40,1
1773.00,1
1773.10,1
1773.30,1
1773.60,1
1773.70,2
1774.10,1
1775.10,1
1775.80,1
1777.30,2
1777.40,1
1777.50,1
1778.30,2
1778.60,1
1778.70,3
1778.90,1
1779.20,1
1779.90,1
1780.50,1
1781.10,1
1781.50,1
1781.70,1
1782.10,1
1782.50,2
1782.70,1
1783.00,1
1783.40,1
1783.60,1
1783.90,2
1784.00,2
1784.20,1
1785.10,1
1785.30,1
1785.40,1
1785.70,1
1785.80,1
1786.20,1
1786.30,2
1786.40,1
1789.20,1
1789.30,1
1789.60,1
1790.00,1
1790.20,1
1790.60,1
1790.70,1
1790.80,1
1791.70,1
1791.90,1
1792.20,1
1792.40,1
1792.50,1
1792.60,1
1792.90,1
1793.00,1
1793.10,1
1793.40,1
1793.50,1
1793.60,1
1793.70,1
1794.50,1
1794.90,1
1795.10,1
1795.80,2
1795.90,1
1796.10,1
1797.80,2
1797.90,1
1798.10,1
1799.10,1
1799.30,2
1799.50,1
1800.00,1
1800.40,1
1800.50,1
1800.60,2
1800.90,1
1801.00,1
1801.40,1
1802.10,1
1802.20,1
1802.30,1
1802.50,1
1802.90,1
1803.30,1
1803.90,1
1804.10,1
1804.20,1
1804.50,2
1804.70,1
1805.40,1
1805.80,1
1805.90,1
1806.10,1
1806.30,1
1806.40,1
1806.80,3
1806.90,2
1807.10,2
1807.30,1
1807.50,1
1807.60,1
1808.00,1
1808.40,1
1808.80,1
1809.00,2
1809.10,2
1809.20,2
1809.40,1
1809.50,1
1809.60,1
1809.80,2
1810.00,2
1810.10,1
1810.30,1
1810.80,1
1810.90,1
1811.00,1
1811.10,1
1811.30,1
1811.60,1
1811.70,1
1811.90,1
1812.30,1
1812.40,2
1812.50,1
1812.70,1
1812.80,2
1813.00,1
1813.30,1
1813.50,1
1813.90,1
1814.50,1
1814.90,2
1815.00,1
1815.40,1
1815.70,1
1815.90,1
1816.10,1
1816.20,1
1817.00,1
1817.30,1
1817.40,3
1817.80,1
1817.90,1
1818.00,2
1818.10,3
1818.30,1
1818.50,2
1819.00,1
1819.30,1
1819.40,1
1819.60,1
1819.90,1
1820.20,1
1820.30,1
1820.40,1
1820.70,1
1821.00,1
1821.10,1
1821.20,1
1821.40,1
1821.60,1
1822.50,1
1822.80,1
1823.30,1
1823.50,1
1823.60,2
1823.90,1
1824.00,1
1824.20,1
1824.30,1
1824.50,1
1824.80,1
1825.10,1
1825.40,2
1825.50,1
1826.20,1
1826.30,3
1826.60,2
1826.80,1
1826.90,1
1828.20,2
1828.30,1
1828.40,2
1828.50,1
1829.40,1
1829.50,1
1829.60,1
1829.80,2
1830.00,1
1830.30,1
1830.40,1
1830.50,2
1831.00,1
1831.20,2
1831.30,1
1831.50,3
1831.60,3
1831.70,2
1831.90,2
1832.00,1
1832.70,1
1832.80,1
1833.00,2
1833.10,1
1833.20,1
1833.30,2
1833.40,3
1833.90,1
1834.10,1
1834.20,1
1834.30,1
1834.40,1
1834.60,3
1834.70,2
1834.90,1
1835.00,1
1835.40,1
1835.60,1
1835.70,1
1835.80,3
1835.90,4
1836.00,1
1836.30,1
1836.50,1
1837.00,2
1837.10,1
1837.30,1
1837.40,1
1837.50,2
1837.70,1
1837.80,2
1838.00,3
1838.10,1
1838.20,1
1838.40,2
1838.60,2
1838.70,2
1839.30,1
1840.00,2
1840.10,1
1840.30,1
1840.40,1
1840.60,1
1840.70,1
1840.80,1
1841.20,1
1841.60,1
1841.90,3
1842.00,1
1842.30,1
1842.50,1
1842.70,1
1842.80,1
1843.10,1
1843.20,1
1843.40,1
1843.50,1
1843.60,1
1843.70,2
1844.10,1
1844.20,2
1844.70,1
1845.10,2
1845.20,2
1845.50,1
1845.80,1
1845.90,1
1846.00,1
1846.10,2
1846.20,1
1846.50,3
1846.70,1
1846.80,1
1847.00,2
1847.10,1
1847.20,1
1847.30,1
1847.50,1
1847.60,1
1847.80,1
1847.90,1
1848.00,1
1848.10,1
1848.40,1
1848.60,1
1848.80,1
1849.00,1
1849.20,1
1849.40,1
1849.50,1
1849.70,1
1849.90,1
1850.00,1
1850.30,2
1850.40,1
1850.60,1
1850.70,1
1850.90,1
1851.20,2
1851.30,1
1851.60,1
1851.80,1
1852.00,1
1852.20,2
1852.50,1
1852.90,1
1853.00,2
1853.10,2
1853.30,2
1853.50,3
1853.70,4
1853.90,1
1854.10,1
1854.50,1
1854.70,3
1855.10,1
1855.30,1
1855.40,1
1855.70,2
1855.90,2
1856.00,2
1856.20,1
1856.50,1
1856.80,1
1856.90,1
1857.00,3
1857.20,1
1857.40,1
1857.50,1
1857.60,1
1857.70,1
1857.80,2
1857.90,2
1858.40,3
1859.00,1
1859.10,1
1859.30,2
1859.50,1
1859.80,1
1859.90,1
1860.10,1
1860.30,1
1860.40,1
1860.50,3
1860.60,3
1860.70,1
1860.90,1
1861.00,1
1861.30,1
1861.40,1
1861.50,1
1861.70,1
1862.00,2
1862.50,1
1862.60,1
1862.70,1
1862.80,2
1863.30,1
1863.40,2
1863.60,1
1863.80,2
1864.10,2
1864.30,1
1864.40,1
1864.90,1
1865.10,1
1865.20,1
1865.30,2
1865.60,1
1865.70,2
1865.80,2
1865.90,2
1866.00,1
1866.40,1
1866.70,1
1866.80,1
1867.00,1
1867.10,2
1867.20,1
1867.30,1
1867.50,2
1867.60,1
1867.70,1
1868.00,1
1868.10,1
1868.20,1
1868.30,1
1868.50,1
1868.60,1
1868.80,1
1869.00,1
1869.20,2
1869.40,1
1869.50,1
1869.70,2
1869.80,2
1869.90,1
1870.10,1
1870.30,1
1870.40,1
1870.50,1
1870.70,3
1870.80,2
1870.90,1
1871.20,1
1871.30,1
1871.40,1
1871.50,1
1871.60,1
1871.70,2
1872.00,1
1872.30,1
1872.50,1
1872.60,1
1872.70,1
1872.80,1
1872.90,2
1873.00,1
1873.10,1
1873.20,1
1873.30,1
1873.70,1
1873.90,1
1874.00,1
1874.10,2
1874.40,2
1874.50,1
1874.80,1
1875.20,2
1875.30,1
1875.40,2
1875.90,1
1876.30,1
1876.40,1
1876.60,3
1876.70,2
1876.80,3
1876.90,2
1877.10,3
1877.50,1
1877.60,1
1877.80,3
1877.90,1
1878.10,2
1878.20,1
1878.40,1
1878.50,3
1878.60,3
1878.70,1
1878.80,1
1879.20,2
1879.30,3
1879.70,3
1879.80,2
1879.90,2
1880.20,1
1880.30,1
1880.40,1
1880.50,1
1880.60,4
1880.70,1
1880.80,2
1880.90,4
1881.00,1
1881.10,1
1881.30,2
1881.40,2
1881.50,2
1881.60,2
1881.80,1
1881.90,2
1882.00,1
1882.20,3
1882.30,1
1882.40,1
1882.50,1
1882.60,2
1882.80,1
1882.90,1
1883.10,1
1883.30,1
1883.60,1
1883.70,2
1883.90,1
1884.00,1
1884.30,1
1884.40,3
1884.50,1
1884.60,1
1884.70,3
1884.80,2
1884.90,2
1885.00,2
1885.10,1
1885.20,3
1885.40,1
1885.50,1
1885.70,1
1885.80,1
1886.00,3
1886.10,1
1886.80,2
1886.90,2
1887.00,2
1887.10,2
1887.20,1
1887.30,1
1887.60,1
1887.70,2
1888.00,6
1888.10,1
1888.20,3
1888.40,2
1888.50,1
1888.70,1
1888.80,1
1889.00,2
1889.10,1
1889.30,1
1889.40,1
1889.50,1
1889.70,1
1889.80,1
1890.10,1
1890.20,2
1890.30,1
1890.50,2
1890.60,1
1890.70,1
1890.80,1
1891.10,2
1891.20,4
1891.50,1
1891.80,2
1892.00,2
1892.10,1
1892.20,1
1892.30,1
1892.50,1
1892.60,1
1892.80,1
1892.90,1
1893.00,1
1893.10,2
1893.20,1
1893.30,1
1893.60,2
1893.70,3
1893.90,1
1894.00,1
1894.10,2
1894.20,3
1894.30,2
1894.40,1
1894.70,2
1894.90,2
1895.00,2
1895.40,1
1895.50,1
1895.70,2
1895.80,1
1895.90,2
1896.00,3
1896.10,1
1896.20,1
1896.30,2
1896.40,1
1896.50,2
1896.70,2
1896.90,1
1897.00,1
1897.20,1
1897.30,2
1897.40,1
1897.50,2
1897.60,1
1897.70,1
1897.80,1
1898.00,1
1898.10,2
1898.40,1
1898.50,4
1898.60,1
1898.70,2
1898.80,1
1898.90,3
1899.00,3
1899.10,3
1899.30,3
1899.40,1
1899.50,1
1899.60,1
1899.70,5
1900.20,2
1900.30,1
1900.40,2
1900.50,3
1900.60,1
1900.70,2
1900.80,2
1900.90,1
1901.10,1
1901.30,2
1901.40,2
1901.50,2
1901.60,1
1901.70,2
1902.00,1
1902.10,2
1902.30,1
1902.40,3
1902.50,2
1902.70,2
1902.90,1
1903.00,2
1903.20,1
1903.30,1
1903.40,3
1903.50,1
1903.60,1
1903.90,3
1904.10,1
1904.20,1
1904.40,1
1904.50,1
1904.60,1
1904.80,2
1904.90,2
1905.00,2
1905.10,1
1905.30,1
1905.40,4
1905.60,1
1905.70,1
1905.80,3
1905.90,4
1906.00,2
1906.10,1
1906.30,1
1906.40,2
1906.50,4
1906.60,1
1906.70,2
1906.80,1
1906.90,1
1907.00,2
1907.10,3
1907.20,1
1907.30,1
1907.40,1
1907.50,2
1907.70,2
1907.80,2
1907.90,1
1908.00,1
1908.10,1
1908.20,2
1908.50,3
1908.60,2
1908.70,2
1908.80,1
1909.00,1
1909.10,1
1909.20,1
1909.40,2
1909.50,1
1909.80,1
1909.90,2
1910.00,1
1910.10,1
1910.30,1
1910.40,1
1910.60,1
1910.70,3
1910.80,1
1910.90,1
1911.10,3
1911.20,1
1911.30,2
1911.40,2
1911.50,2
1911.60,2
1911.70,1
1911.80,1
1912.00,3
1912.10,1
1912.20,2
1912.30,1
1912.40,2
1912.50,2
1912.60,1
1912.70,3
1913.00,3
1913.30,2
1913.40,1
1913.50,1
1913.60,1
1913.70,1
1913.90,5
1914.00,1
1914.10,1
1914.40,1
1914.50,2
1914.90,3
1915.00,2
1915.20,3
1915.30,3
1915.50,1
1915.70,2
1916.30,2
1916.40,1
1916.50,2
1916.60,1
1916.80,2
1916.90,2
1917.00,4
1917.20,2
1917.30,1
1917.40,2
1917.70,2
1917.80,3
1917.90,2
1918.00,4
1918.10,2
1918.20,1
1918.30,2
1918.50,4
1918.70,3
1918.80,1
1919.20,2
1919.30,2
1919.50,2
1919.60,1
1919.70,1
1919.80,1
1919.90,5
1920.00,1
1920.10,1
1920.20,3
1920.30,1
1920.40,2
1920.50,1
1920.60,1
1920.70,3
1920.80,1
1920.90,3
1921.00,1
1921.10,1
1921.20,1
1921.30,5
1921.40,3
1921.70,2
1921.80,3
1922.10,1
1922.30,2
1922.40,2
1922.80,2
1922.90,3
1923.00,1
1923.20,1
1923.30,2
1923.40,1
1923.50,1
1923.60,1
1923.80,1
1923.90,3
1924.00,1
1924.10,1
1924.20,1
1924.30,1
1924.40,6
1924.50,1
1924.60,2
1924.70,2
1924.90,1
1925.00,2
1925.20,1
1925.30,1
1925.40,2
1925.50,1
1925.60,4
1925.80,1
1926.00,1
1926.10,4
1926.20,2
1926.30,2
1926.40,1
1926.50,1
1926.60,2
1926.70,1
1926.80,1
1926.90,2
1927.00,2
1927.10,1
1927.30,1
1927.40,1
1927.60,1
1927.90,2
1928.00,2
1928.10,3
1928.20,2
1928.30,2
1928.40,3
1928.60,3
1928.80,4
1928.90,1
1929.00,1
1929.10,2
1929.20,2
1929.40,2
1929.50,1
1929.60,3
1929.80,1
1929.90,5
1930.00,2
1930.30,3
1930.40,1
1930.60,3
1930.70,1
1930.80,2
1930.90,2
1931.00,1
1931.10,4
1931.20,2
1931.30,4
1931.40,1
1931.50,2
1931.60,2
1931.70,1
1931.80,1
1931.90,1
1932.00,2
1932.30,4
1932.40,3
1932.50,3
1932.60,1
1932.80,3
1933.00,2
1933.10,3
1933.20,3
1933.30,1
1933.40,3
1933.60,2
1933.70,2
1933.80,2
1933.90,2
1934.00,2
1934.20,2
1934.30,3
1934.40,3
1934.50,1
1934.80,1
1935.00,2
1935.10,3
1935.20,2
1935.30,5
1935.40,2
1935.60,1
1935.80,2
1935.90,2
1936.00,2
1936.20,1
1936.30,3
1936.40,3
1936.50,2
1936.80,1
1937.10,2
1937.20,2
1937.40,2
1937.50,2
1937.60,2
1937.70,2
1937.80,1
1937.90,3
1938.00,2
1938.10,2
1938.20,1
1938.40,5
1938.50,2
1938.60,2
1938.70,1
1938.80,1
1938.90,3
1939.00,1
1939.10,2
1939.20,3
1939.30,1
1939.40,3
1939.50,1
1939.80,1
1939.90,1
1940.00,4
1940.10,1
1940.30,2
1940.40,3
1940.50,2
1940.60,1
1940.70,2
1940.80,1
1940.90,4
1941.10,2
1941.20,2
1941.40,1
1941.60,1
1941.70,1
1941.80,1
1941.90,2
1942.00,2
1942.10,1
1942.30,1
1942.50,4
1942.70,2
1942.80,1
1942.90,1
1943.00,1
1943.10,1
1943.20,2
1943.30,1
1943.40,2
1943.50,1
1943.60,2
1943.70,6
1943.80,2
1943.90,3
1944.00,4
1944.10,4
1944.20,1
1944.30,3
1944.40,3
1944.50,1
1944.80,2
1945.00,1
1945.10,3
1945.30,3
1945.40,3
1945.50,2
1945.60,2
1945.70,1
1945.80,2
1945.90,1
1946.00,1
1946.10,1
1946.20,3
1946.30,4
1946.40,1
1946.50,1
1946.60,4
1946.70,3
1946.80,3
1947.00,1
1947.10,3
1947.20,2
1947.30,2
1947.40,1
1947.50,1
1947.60,2
1947.70,1
1947.80,1
1948.00,3
1948.40,1
1948.60,1
1948.70,1
1948.80,2
1948.90,2
1949.00,1
1949.10,4
1949.20,2
1949.30,2
1949.40,2
1949.50,4
1949.60,1
1949.70,2
1949.80,4
1949.90,1
1950.10,1
1950.20,1
1950.40,1
1950.50,4
1950.60,3
1950.70,1
1950.80,3
1950.90,1
1951.00,2
1951.10,1
1951.20,3
1951.30,3
1951.40,2
1951.50,5
1951.60,2
1951.70,3
1951.80,1
1952.00,2
1952.40,3
1952.60,1
1952.70,1
1952.80,1
1952.90,2
1953.00,1
1953.10,3
1953.20,2
1953.40,2
1953.50,1
1953.60,3
1953.70,3
1953.80,4
1954.00,2
1954.10,3
1954.20,2
1954.30,2
1954.50,2
1954.60,2
1954.70,4
1954.80,2
1954.90,2
1955.10,3
1955.20,2
1955.30,2
1955.50,1
1955.60,1
1955.70,2
1955.80,4
1955.90,2
1956.00,4
1956.10,2
1956.20,2
1956.30,3
1956.40,2
1956.50,3
1956.60,5
1956.70,1
1956.80,3
1956.90,2
1957.00,3
1957.20,3
1957.30,5
1957.50,2
1957.60,2
1957.70,1
1957.80,1
1957.90,2
1958.00,2
1958.10,6
1958.20,3
1958.30,4
1958.60,2
1958.80,6
1958.90,1
1959.00,4
1959.10,1
1959.20,4
1959.40,1
1959.60,1
1959.80,4
1959.90,2
1960.00,1
1960.10,1
1960.20,1
1960.40,3
1960.50,3
1960.70,1
1960.90,2
1961.00,5
1961.10,3
1961.20,1
1961.40,6
1961.60,2
1961.70,2
1961.80,3
1962.00,4
1962.10,3
1962.20,1
1962.30,2
1962.50,2
1962.60,3
1962.70,4
1962.80,2
1962.90,3
1963.00,1
1963.10,5
1963.20,3
1963.30,2
1963.40,6
1963.60,4
1963.70,1
1963.80,3
1963.90,5
1964.00,4
1964.10,4
1964.30,2
1964.40,3
1964.50,3
1964.60,1
1964.70,1
1964.80,3
1964.90,4
1965.00,1
1965.10,1
1965.20,3
1965.30,1
1965.40,4
1965.50,1
1965.60,2
1965.70,1
1965.80,2
1965.90,2
1966.00,2
1966.20,2
1966.30,3
1966.40,1
1966.50,2
1966.60,1
1966.70,3
1966.80,1
1967.00,3
1967.10,4
1967.20,1
1967.40,1
1967.50,1
1967.60,3
1967.70,1
1967.80,2
1967.90,3
1968.00,5
1968.10,2
1968.20,1
1968.40,1
1968.50,1
1968.60,5
1968.70,1
1968.80,2
1968.90,1
1969.10,2
1969.20,4
1969.40,2
1969.50,2
1969.60,6
1969.70,2
1969.90,1
1970.00,4
1970.10,2
1970.20,3
1970.30,4
1970.50,4
1970.60,2
1970.70,1
1970.80,4
1970.90,3
1971.00,4
1971.10,3
1971.30,5
1971.40,2
1971.50,1
1971.60,3
1971.70,1
1971.80,3
1972.00,2
1972.20,2
1972.30,3
1972.40,2
1972.50,3
1972.60,3
1972.80,4
1972.90,3
1973.00,4
1973.10,1
1973.30,2
1973.40,3
1973.50,2
1973.60,2
1973.70,4
1973.80,1
1973.90,1
1974.20,2
1974.30,2
1974.40,5
1974.50,1
1974.70,7
1974.80,3
1974.90,2
1975.10,3
1975.20,1
1975.30,2
1975.40,2
1975.50,1
1975.70,2
1975.80,2
1975.90,4
1976.00,2
1976.10,4
1976.30,2
1976.40,5
1976.50,1
1976.60,2
1976.70,3
1976.80,1
1976.90,3
1977.00,6
1977.10,3
1977.30,4
1977.40,1
1977.60,4
1977.70,3
1977.80,3
1977.90,3
1978.00,2
1978.10,4
1978.30,3
1978.40,2
1978.50,3
1978.60,2
1978.70,3
1978.80,1
1978.90,4
1979.00,2
1979.10,1
1979.20,3
1979.30,2
1979.40,1
1979.50,1
1979.60,3
1979.70,2
1979.80,1
1979.90,3
1980.00,2
1980.10,2
1980.20,1
1980.30,2
1980.50,5
1980.60,3
1980.70,3
1980.80,2
1980.90,2
1981.00,2
1981.10,1
1981.20,2
1981.30,1
1981.40,5
1981.50,2
1981.60,1
1981.70,1
1981.80,3
1981.90,1
1982.00,3
1982.20,3
1982.30,2
1982.40,3
1982.50,4
1982.60,3
1982.70,3
1982.80,2
1982.90,5
1983.00,6
1983.10,3
1983.20,4
1983.30,6
1983.40,6
1983.50,3
1983.60,1
1983.70,2
1983.80,4
1983.90,1
1984.00,3
1984.10,1
1984.20,3
1984.30,2
1984.40,1
1984.60,1
1984.70,4
1984.80,1
1984.90,2
1985.00,1
1985.20,3
1985.30,5
1985.40,3
1985.50,2
1985.60,2
1985.70,2
1985.80,1
1985.90,3
1986.00,3
1986.10,1
1986.20,3
1986.30,1
1986.40,2
1986.50,5
1986.60,3
1986.70,1
1986.80,4
1986.90,1
1987.00,2
1987.10,4
1987.20,4
1987.30,2
1987.40,3
1987.50,1
1987.60,1
1987.70,4
1987.80,3
1987.90,4
1988.00,3
1988.10,3
1988.20,1
1988.30,3
1988.40,2
1988.50,2
1988.60,2
1988.70,2
1988.80,1
1988.90,1
1989.00,2
1989.10,4
1989.20,1
1989.40,7
1989.50,1
1989.60,1
1989.70,2
1989.80,1
1989.90,1
1990.00,4
1990.10,1
1990.20,4
1990.30,1
1990.40,2
1990.60,3
1990.70,1
1990.80,3
1990.90,3
1991.00,3
1991.10,2
1991.20,3
1991.30,6
1991.40,2
1991.50,3
1991.60,3
1991.70,3
1991.80,2
1991.90,1
1992.00,1
1992.10,4
1992.20,5
1992.30,5
1992.40,3
1992.50,3
1992.60,4
1992.70,4
1992.80,3
1992.90,1
1993.00,4
1993.10,4
1993.20,4
1993.30,5
1993.50,1
1993.60,1
1993.70,3
1993.80,5
1994.00,3
1994.10,1
1994.30,1
1994.40,6
1994.50,2
1994.60,3
1994.70,3
1994.80,1
1994.90,3
1995.00,5
1995.10,2
1995.20,2
1995.30,2
1995.40,1
1995.50,3
1995.60,6
1995.70,6
1995.80,6
1995.90,4
1996.00,1
1996.10,1
1996.20,3
1996.30,2
1996.40,2
1996.50,1
1996.60,4
1996.70,1
1996.80,2
1996.90,2
1997.00,1
1997.10,5
1997.20,2
1997.30,1
1997.40,2
1997.50,3
1997.60,5
1997.70,2
1997.90,4
1998.00,3
1998.10,2
1998.20,2
1998.30,3
1998.40,4
1998.50,3
1998.60,3
1998.70,2
1998.80,7
1998.90,5
1999.00,4
1999.10,1
1999.20,4
1999.30,2
1999.40,2
1999.50,1
1999.60,6
1999.70,3
1999.80,1
1999.90,1
2000.00,5
2000.10,2
2000.20,4
2000.30,2
2000.40,4
2000.50,7
2000.60,4
2000.70,2
2000.80,3
2001.00,2
2001.10,3
2001.20,1
2001.30,2
2001.40,4
2001.60,6
2001.70,2
2001.80,4
2001.90,7
2002.00,4
2002.10,4
2002.20,1
2002.30,2
2002.40,3
2002.50,3
2002.60,1
2002.70,2
2002.80,1
2002.90,2
2003.00,7
2003.10,2
2003.30,3
2003.40,3
2003.50,4
2003.60,3
2003.70,5
2003.80,2
2003.90,2
2004.00,5
2004.10,7
2004.20,1
2004.30,4
2004.40,4
2004.50,2
2004.60,3
2004.70,4
2004.80,6
2004.90,3
2005.00,2
2005.10,3
2005.20,3
2005.30,2
2005.40,1
2005.50,4
2005.60,1
2005.70,5
2005.80,3
2005.90,6
2006.00,3
2006.10,3
2006.20,1
2006.30,4
2006.40,3
2006.50,2
2006.60,5
2006.70,2
2006.80,4
2006.90,5
2007.00,3
2007.10,4
2007.20,3
2007.30,3
2007.40,4
2007.50,1
2007.60,5
2007.70,4
2007.80,4
2008.00,2
2008.10,4
2008.20,4
2008.30,4
2008.40,5
2008.50,4
2008.60,3
2008.70,4
2008.80,1
2008.90,1
2009.00,3
2009.10,1
2009.20,6
2009.30,5
2009.40,5
2009.50,2
2009.60,3
2009.70,5
2009.80,1
2009.90,5
2010.00,3
2010.10,4
2010.20,2
2010.30,6
2010.40,2
2010.50,4
2010.60,8
2010.70,1
2010.80,1
2010.90,1
2011.00,3
2011.10,5
2011.20,3
2011.30,2
2011.40,4
2011.50,4
2011.60,3
2011.70,1
2011.90,3
2012.00,4
2012.10,4
2012.20,3
2012.30,4
2012.40,2
2012.50,5
2012.60,2
2012.70,3
2012.80,3
2012.90,4
2013.00,2
2013.10,2
2013.30,3
2013.40,3
2013.50,4
2013.70,3
2013.80,4
2013.90,5
2014.00,1
2014.10,2
2014.20,1
2014.30,3
2014.40,6
2014.50,5
2014.60,1
2014.70,4
2014.80,5
2014.90,6
2015.00,7
2015.10,3
2015.20,3
2015.30,1
2015.40,3
2015.50,4
2015.60,3
2015.70,4
2015.80,2
2015.90,1
2016.00,4
2016.10,3
2016.20,3
2016.30,2
2016.40,3
2016.50,4
2016.60,2
2016.70,2
2016.80,3
2016.90,3
2017.00,4
2017.10,4
2017.20,2
2017.30,4
2017.40,4
2017.60,4
2017.70,2
2017.80,3
2017.90,5
2018.00,2
2018.10,3
2018.20,1
2018.30,1
2018.40,2
2018.50,2
2018.60,2
2018.70,2
2018.80,4
2018.90,2
2019.00,5
2019.10,3
2019.20,5
2019.30,2
2019.40,2
2019.50,2
2019.60,4
2019.70,4
2019.80,2
2019.90,4
2020.00,4
2020.10,1
2020.20,2
2020.30,7
2020.40,3
2020.50,4
2020.60,3
2020.70,5
2020.80,5
2020.90,1
2021.00,6
2021.10,2
2021.20,3
2021.30,3
2021.40,2
2021.50,3
2021.60,3
2021.70,3
2021.80,2
2021.90,6
2022.00,3
2022.10,6
2022.20,4
2022.30,3
2022.40,2
2022.50,3
2022.60,2
2022.70,7
2022.80,2
2022.90,3
2023.00,4
2023.10,4
2023.20,6
2023.30,5
2023.40,3
2023.50,5
2023.60,3
2023.70,1
2023.80,3
2023.90,9
2024.00,5
2024.10,2
2024.20,5
2024.30,3
2024.40,3
2024.50,4
2024.60,4
2024.70,3
2024.80,1
2025.00,1
2025.10,3
2025.20,3
2025.30,2
2025.40,5
2025.50,5
2025.60,6
2025.70,6
2025.80,2
2025.90,1
2026.00,3
2026.10,1
2026.30,1
2026.40,2
2026.50,4
2026.60,6
2026.70,2
2026.80,3
2027.00,2
2027.10,3
2027.20,1
2027.30,1
2027.40,1
2027.50,6
2027.70,5
2027.80,4
2027.90,3
2028.00,2
2028.10,5
2028.20,1
2028.30,5
2028.40,4
2028.50,2
2028.60,4
2028.70,2
2028.80,6
2028.90,2
2029.00,2
2029.10,2
2029.20,3
2029.30,3
2029.40,5
2029.50,6
2029.60,3
2029.70,5
2029.80,2
2029.90,2
2030.00,7
2030.10,2
2030.20,3
2030.30,5
2030.40,2
2030.50,4
2030.60,5
2030.70,2
2030.80,1
2030.90,3
2031.00,4
2031.10,4
2031.20,5
2031.30,3
2031.50,4
2031.60,5
2031.70,1
2031.80,3
2031.90,6
2032.00,9
2032.10,4
2032.20,3
2032.30,4
2032.40,2
2032.60,2
2032.70,3
2032.90,4
2033.00,2
2033.10,6
2033.20,4
2033.30,3
2033.40,6
2033.50,3
2033.60,1
2033.70,1
2033.80,3
2033.90,7
2034.00,5
2034.10,4
2034.20,3
2034.30,6
2034.40,5
2034.50,3
2034.60,2
2034.70,2
2034.90,2
2035.00,2
2035.10,3
2035.30,2
2035.40,3
2035.50,3
2035.60,3
2035.70,5
2035.80,1
2035.90,3
2036.10,1
2036.20,2
2036.30,6
2036.40,3
2036.50,3
2036.60,2
2036.80,2
2036.90,2
2037.00,7
2037.10,5
2037.20,2
2037.30,4
2037.40,3
2037.50,4
2037.60,1
2037.70,2
2037.90,2
2038.00,4
2038.10,3
2038.20,3
2038.30,6
2038.40,3
2038.50,3
2038.60,2
2038.70,4
2038.80,2
2038.90,5
2039.00,3
2039.10,6
2039.20,1
2039.40,1
2039.50,1
2039.60,4
2039.70,3
2039.80,5
2039.90,4
2040.00,2
2040.10,4
2040.20,6
2040.30,4
2040.40,8
2040.50,4
2040.60,2
2040.70,2
2040.80,5
2040.90,3
2041.00,4
2041.10,3
2041.20,4
2041.30,2
2041.40,4
2041.50,2
2041.60,1
2041.70,4
2041.80,6
2041.90,7
2042.00,4
2042.20,3
2042.30,5
2042.40,2
2042.50,4
2042.60,4
2042.70,3
2042.80,3
2042.90,2
2043.00,7
2043.10,2
2043.20,4
2043.30,4
2043.40,3
2043.50,6
2043.60,2
2043.70,5
2043.80,3
2043.90,4
2044.00,3
2044.10,3
2044.20,9
2044.30,3
2044.40,7
2044.60,5
2044.80,5
2044.90,2
2045.00,3
2045.10,1
2045.20,4
2045.30,4
2045.40,3
2045.50,2
2045.60,5
2045.70,6
2045.90,1
2046.00,4
2046.10,1
2046.30,8
2046.40,5
2046.50,5
2046.60,7
2046.70,3
2046.80,3
2046.90,3
2047.00,6
2047.10,7
2047.20,7
2047.30,3
2047.40,12
2047.50,1
2047.60,4
2047.70,3
2047.90,4
2048.00,3
2048.10,7
2048.20,3
2048.30,5
2048.40,1
2048.50,5
2048.60,5
2048.70,4
2048.80,5
2048.90,3
2049.00,3
2049.10,4
2049.20,2
2049.30,5
2049.40,4
2049.50,4
2049.60,4
2049.70,6
2049.80,2
2049.90,6
2050.00,4
2050.10,2
2050.20,5
2050.30,3
2050.40,4
2050.50,5
2050.60,5
2050.70,4
2050.80,4
2050.90,4
2051.00,1
2051.10,5
2051.20,4
2051.30,8
2051.40,1
2051.50,8
2051.60,5
2051.70,4
2051.80,5
2051.90,3
2052.00,2
2052.10,7
2052.20,2
2052.30,4
2052.40,7
2052.50,4
2052.60,5
2052.70,3
2052.80,7
2052.90,5
2053.00,1
2053.10,3
2053.20,5
2053.30,5
2053.40,8
2053.50,2
2053.60,4
2053.70,3
2053.80,1
2053.90,3
2054.00,2
2054.10,3
2054.20,2
2054.30,5
2054.40,2
2054.50,7
2054.60,4
2054.70,2
2054.80,3
2054.90,4
2055.00,4
2055.10,2
2055.20,4
2055.30,6
2055.40,6
2055.50,4
2055.60,3
2055.70,4
2055.80,4
2055.90,1
2056.00,7
2056.10,5
2056.20,4
2056.30,2
2056.40,6
2056.50,6
2056.60,3
2056.70,3
2056.80,2
2056.90,5
2057.00,1
2057.20,5
2057.30,4
2057.40,5
2057.50,5
2057.60,1
2057.70,3
2057.80,2
2057.90,4
2058.00,2
2058.10,6
2058.20,2
2058.30,3
2058.40,5
2058.50,8
2058.60,2
2058.70,6
2058.80,7
2058.90,3
2059.00,4
2059.10,7
2059.20,2
2059.30,3
2059.40,5
2059.50,1
2059.60,5
2059.70,1
2059.80,5
2059.90,2
2060.00,6
2060.10,1
2060.20,2
2060.30,3
2060.40,6
2060.50,2
2060.60,4
2060.70,6
2060.80,7
2060.90,1
2061.00,4
2061.10,4
2061.20,3
2061.30,6
2061.40,2
2061.50,6
2061.60,13
2061.70,5
2061.80,8
2061.90,4
2062.00,4
2062.10,4
2062.20,5
2062.30,5
2062.40,10
2062.50,3
2062.60,7
2062.70,3
2062.80,2
2062.90,8
2063.00,4
2063.10,5
2063.20,2
2063.30,5
2063.40,3
2063.50,6
2063.60,6
2063.70,1
2063.80,2
2063.90,5
2064.00,4
2064.10,2
2064.20,3
2064.30,7
2064.40,3
2064.50,2
2064.60,2
2064.70,4
2064.80,4
2064.90,5
2065.00,2
2065.10,6
2065.20,3
2065.30,5
2065.40,4
2065.50,2
2065.60,6
2065.70,3
2065.80,4
2065.90,3
2066.00,3
2066.10,6
2066.20,4
2066.30,5
2066.40,6
2066.50,6
2066.60,3
2066.70,3
2066.80,3
2066.90,3
2067.00,2
2067.10,8
2067.20,4
2067.30,7
2067.40,8
2067.50,6
2067.60,8
2067.70,4
2067.80,2
2067.90,7
2068.00,1
2068.10,5
2068.20,1
2068.30,6
2068.40,8
2068.50,4
2068.60,7
2068.70,9
2068.80,4
2068.90,5
2069.00,6
2069.10,3
2069.20,7
2069.30,5
2069.40,3
2069.50,3
2069.60,3
2069.70,3
2069.80,4
2069.90,1
2070.00,6
2070.10,7
2070.20,5
2070.30,4
2070.40,2
2070.50,10
2070.60,4
2070.70,8
2070.80,3
2070.90,4
2071.00,7
2071.10,4
2071.20,3
2071.30,3
2071.40,2
2071.50,3
2071.60,1
2071.70,5
2071.80,8
2071.90,6
2072.00,4
2072.10,6
2072.20,3
2072.30,4
2072.40,12
2072.50,3
2072.60,9
2072.70,1
2072.80,10
2072.90,4
2073.00,6
2073.10,4
2073.20,3
2073.30,3
2073.40,5
2073.50,5
2073.60,5
2073.70,5
2073.80,5
2073.90,4
2074.00,5
2074.10,5
2074.20,2
2074.30,3
2074.40,6
2074.50,7
2074.60,1
2074.70,9
2074.80,5
2074.90,5
2075.00,2
2075.10,7
2075.20,5
2075.30,5
2075.40,7
2075.50,2
2075.60,3
2075.70,6
2075.80,4
2075.90,5
2076.00,4
2076.10,3
2076.20,5
2076.30,7
2076.40,3
2076.50,5
2076.60,2
2076.70,6
2076.80,3
2076.90,1
2077.00,3
2077.10,2
2077.20,5
2077.30,5
2077.40,3
2077.50,4
2077.60,6
2077.80,2
2077.90,3
2078.00,3
2078.10,5
2078.20,6
2078.30,4
2078.40,5
2078.50,8
2078.60,5
2078.70,2
2078.80,3
2078.90,5
2079.00,7
2079.10,6
2079.20,4
2079.30,6
2079.40,5
2079.50,9
2079.60,4
2079.70,6
2079.80,2
2079.90,7
2080.00,6
2080.10,7
2080.20,3
2080.30,6
2080.40,4
2080.50,3
2080.60,4
2080.70,9
2080.80,6
2080.90,4
2081.00,4
2081.10,6
2081.20,2
2081.30,7
2081.50,1
2081.60,4
2081.80,11
2081.90,4
2082.00,2
2082.10,4
2082.20,4
2082.30,5
2082.40,5
2082.50,5
2082.60,4
2082.70,6
2082.80,7
2082.90,2
2083.00,7
2083.10,7
2083.20,3
2083.30,10
2083.40,3
2083.50,6
2083.60,3
2083.70,3
2083.80,6
2083.90,3
2084.00,5
2084.10,2
2084.20,4
2084.30,8
2084.40,3
2084.50,5
2084.60,5
2084.70,3
2084.80,3
2084.90,2
2085.00,2
2085.10,7
2085.20,4
2085.30,3
2085.40,2
2085.50,2
2085.60,4
2085.70,5
2085.80,5
2085.90,3
2086.00,5
2086.10,6
2086.20,6
2086.30,5
2086.40,4
2086.50,7
2086.60,5
2086.70,3
2086.80,2
2086.90,4
2087.00,4
2087.10,4
2087.20,3
2087.30,7
2087.40,6
2087.50,5
2087.60,6
2087.70,7
2087.80,4
2087.90,7
2088.00,5
2088.10,3
2088.20,3
2088.30,5
2088.40,3
2088.50,4
2088.60,6
2088.70,1
2088.80,5
2088.90,5
2089.00,11
2089.10,3
2089.20,3
2089.30,4
2089.40,3
2089.50,3
2089.60,5
2089.70,6
2089.80,2
2089.90,7
2090.00,5
2090.10,5
2090.20,6
2090.30,9
2090.40,7
2090.50,4
2090.60,2
2090.70,6
2090.80,6
2090.90,3
2091.00,5
2091.10,6
2091.20,5
2091.30,3
2091.40,4
2091.50,10
2091.60,6
2091.70,8
2091.80,7
2091.90,6
2092.00,3
2092.10,7
2092.20,6
2092.30,4
2092.40,6
2092.50,8
2092.60,3
2092.70,5
2092.80,1
2092.90,1
2093.00,8
2093.10,2
2093.20,4
2093.30,5
2093.40,2
2093.50,5
2093.60,6
2093.70,3
2093.80,8
2093.90,4
2094.00,3
2094.10,9
2094.20,4
2094.30,4
2094.40,1
2094.50,2
2094.60,1
2094.70,5
2094.80,5
2094.90,6
2095.00,5
2095.10,4
2095.20,8
2095.30,4
2095.40,4
2095.50,4
2095.60,3
2095.70,4
2095.80,6
2095.90,4
2096.00,5
2096.10,3
2096.20,7
2096.30,5
2096.40,4
2096.50,3
2096.60,8
2096.70,5
2096.80,5
2096.90,2
2097.00,6
2097.10,12
2097.20,3
2097.30,6
2097.40,4
2097.50,4
2097.60,12
2097.70,9
2097.80,9
2097.90,5
2098.00,4
2098.10,8
2098.20,3
2098.30,7
2098.40,9
2098.50,7
2098.60,6
2098.70,6
2098.80,8
2098.90,6
2099.00,8
2099.10,2
2099.20,2
2099.30,3
2099.40,4
2099.50,6
2099.60,6
2099.70,5
2099.80,7
2099.90,5
2100.00,7
2100.10,10
2100.20,5
2100.30,2
2100.40,1
2100.50,6
2100.60,5
2100.70,4
2100.80,2
2100.90,6
2101.00,7
2101.10,5
2101.20,4
2101.30,5
2101.40,5
2101.50,9
2101.60,4
2101.70,7
2101.80,7
2101.90,6
2102.00,8
2102.10,9
2102.20,7
2102.30,3
2102.40,4
2102.50,4
2102.60,4
2102.70,3
2102.80,7
2102.90,10
2103.00,5
2103.10,4
2103.20,7
2103.30,5
2103.40,7
2103.50,4
2103.60,4
2103.70,5
2103.80,6
2103.90,8
2104.00,7
2104.10,3
2104.20,7
2104.30,2
2104.40,4
2104.50,5
2104.60,4
2104.70,8
2104.80,8
2104.90,4
2105.00,4
2105.10,6
2105.20,5
2105.30,3
2105.40,3
2105.50,2
2105.60,3
2105.70,5
2105.80,4
2105.90,3
2106.00,10
2106.10,4
2106.20,4
2106.30,1
2106.40,7
2106.50,5
2106.60,7
2106.70,6
2106.80,3
2106.90,10
2107.00,7
2107.10,5
2107.20,4
2107.30,5
2107.40,4
2107.50,7
2107.60,5
2107.70,2
2107.80,4
2107.90,7
2108.00,6
2108.10,3
2108.20,6
2108.30,7
2108.40,4
2108.50,4
2108.60,5
2108.70,1
2108.80,8
2108.90,3
2109.00,5
2109.10,3
2109.20,4
2109.30,3
2109.40,9
2109.50,4
2109.60,4
2109.70,8
2109.80,5
2109.90,5
2110.00,7
2110.10,4
2110.20,5
2110.30,3
2110.40,6
2110.50,5
2110.60,3
2110.70,8
2110.80,7
2110.90,4
2111.00,3
2111.10,8
2111.20,8
2111.30,6
2111.40,6
2111.50,5
2111.60,7
2111.70,3
2111.80,5
2111.90,9
2112.00,3
2112.10,6
2112.20,7
2112.30,5
2112.40,4
2112.50,4
2112.60,8
2112.70,6
2112.80,3
2112.90,7
2113.00,6
2113.10,4
2113.20,8
2113.30,4
2113.40,4
2113.50,4
2113.60,7
2113.70,5
2113.80,7
2113.90,4
2114.00,9
2114.10,5
2114.20,4
2114.30,7
2114.40,10
2114.50,7
2114.60,3
2114.70,4
2114.80,4
2114.90,8
2115.00,8
2115.10,7
2115.20,4
2115.30,4
2115.40,3
2115.50,4
2115.60,8
2115.70,4
2115.80,5
2115.90,4
2116.00,4
2116.10,4
2116.30,2
2116.40,11
2116.50,3
2116.60,4
2116.70,5
2116.80,1
2116.90,9
2117.00,7
2117.10,7
2117.20,7
2117.30,6
2117.40,6
2117.50,7
2117.60,3
2117.70,5
2117.80,3
2117.90,5
2118.00,5
2118.10,6
2118.20,6
2118.30,7
2118.40,7
2118.50,5
2118.60,7
2118.70,5
2118.80,2
2118.90,6
2119.00,9
2119.10,3
2119.20,6
2119.30,5
2119.40,8
2119.50,5
2119.60,5
2119.70,11
2119.80,6
2119.90,7
2120.00,10
2120.10,10
2120.20,5
2120.30,2
2120.40,6
2120.50,6
2120.60,6
2120.70,2
2120.80,7
2120.90,4
2121.00,7
2121.10,5
2121.20,3
2121.30,5
2121.40,7
2121.50,5
2121.60,10
2121.70,4
2121.80,6
2121.90,6
2122.00,4
2122.10,8
2122.20,8
2122.30,4
2122.40,5
2122.50,14
2122.60,3
2122.70,7
2122.80,10
2122.90,4
2123.00,4
2123.10,7
2123.20,5
2123.30,5
2123.40,6
2123.50,4
2123.60,4
2123.70,4
2123.80,6
2123.90,6
2124.00,5
2124.10,6
2124.20,8
2124.30,5
2124.40,3
2124.50,5
2124.60,6
2124.70,6
2124.80,5
2124.90,11
2125.00,4
2125.10,9
2125.20,3
2125.30,8
2125.40,6
2125.50,5
2125.60,5
2125.70,5
2125.80,5
2125.90,3
2126.00,7
2126.10,8
2126.20,4
2126.30,6
2126.40,4
2126.50,8
2126.60,8
2126.70,8
2126.80,5
2126.90,2
2127.00,12
2127.10,4
2127.20,12
2127.30,4
2127.40,4
2127.50,7
2127.60,4
2127.70,10
2127.80,3
2127.90,7
2128.00,7
2128.10,4
2128.20,4
2128.30,4
2128.40,4
2128.50,2
2128.60,6
2128.70,16
2128.80,7
2128.90,10
2129.00,8
2129.10,4
2129.20,6
2129.30,2
2129.40,4
2129.50,4
2129.60,1
2129.70,5
2129.80,9
2129.90,5
2130.00,3
2130.10,3
2130.20,8
2130.30,7
2130.40,8
2130.50,11
2130.60,6
2130.70,8
2130.80,3
2130.90,10
2131.00,4
2131.10,7
2131.20,5
2131.30,6
2131.40,6
2131.50,4
2131.60,5
2131.70,4
2131.80,7
2131.90,2
2132.00,3
2132.10,2
2132.20,4
2132.30,9
2132.40,5
2132.50,3
2132.60,6
2132.70,6
2132.80,6
2132.90,7
2133.00,3
2133.10,6
2133.20,6
2133.30,2
2133.40,6
2133.50,3
2133.60,5
2133.70,3
2133.80,5
2133.90,5
2134.00,6
2134.10,6
2134.20,6
2134.30,7
2134.40,10
2134.50,6
2134.60,10
2134.70,6
2134.80,11
2134.90,9
2135.00,6
2135.10,4
2135.20,8
2135.30,2
2135.40,4
2135.50,9
2135.60,7
2135.80,6
2135.90,9
2136.00,4
2136.10,4
2136.20,6
2136.30,6
2136.40,6
2136.50,7
2136.60,4
2136.70,3
2136.80,5
2136.90,3
2137.00,4
2137.10,3
2137.20,6
2137.30,7
2137.40,6
2137.50,8
2137.60,3
2137.70,7
2137.80,17
2137.90,6
2138.00,9
2138.10,4
2138.20,7
2138.30,6
2138.40,5
2138.50,7
2138.60,11
2138.70,7
2138.80,5
2138.90,10
2139.00,2
2139.10,5
2139.20,1
2139.30,5
2139.40,7
2139.50,5
2139.60,6
2139.70,10
2139.80,9
2139.90,6
2140.00,9
2140.10,4
2140.20,5
2140.30,5
2140.40,2
2140.50,9
2140.60,6
2140.70,6
2140.80,4
2140.90,6
2141.00,4
2141.10,8
2141.20,4
2141.30,6
2141.40,5
2141.50,5
2141.60,3
2141.70,7
2141.80,2
2141.90,5
2142.00,4
2142.10,5
2142.20,7
2142.30,3
2142.40,6
2142.50,10
2142.60,6
2142.70,8
2142.80,4
2142.90,7
2143.00,7
2143.10,8
2143.20,5
2143.30,7
2143.40,4
2143.50,7
2143.60,8
2143.70,2
2143.80,5
2143.90,6
2144.00,10
2144.10,5
2144.20,6
2144.30,6
2144.40,11
2144.50,5
2144.60,8
2144.70,7
2144.80,4
2144.90,4
2145.00,3
2145.10,3
2145.20,3
2145.30,8
2145.40,7
2145.50,2
2145.60,3
2145.70,8
2145.80,6
2145.90,1
2146.00,1
2146.10,8
2146.20,4
2146.30,6
2146.40,6
2146.50,5
2146.60,6
2146.70,11
2146.80,7
2146.90,8
2147.00,4
2147.10,1
2147.20,6
2147.30,8
2147.40,7
2147.50,8
2147.60,5
2147.70,9
2147.80,5
2147.90,6
2148.00,8
2148.10,5
2148.20,5
2148.30,5
2148.40,8
2148.50,6
2148.60,5
2148.70,5
2148.80,9
2148.90,6
2149.00,13
2149.10,6
2149.20,8
2149.30,6
2149.40,3
2149.50,5
2149.60,9
2149.70,10
2149.80,8
2149.90,7
2150.00,5
2150.10,11
2150.20,6
2150.30,6
2150.40,2
2150.50,7
2150.60,3
2150.70,4
2150.80,2
2150.90,14
2151.00,5
2151.10,6
2151.20,8
2151.30,6
2151.40,4
2151.50,10
2151.60,6
2151.70,8
2151.80,6
2151.90,7
2152.00,5
2152.10,2
2152.20,6
2152.30,9
2152.40,7
2152.50,12
2152.60,6
2152.70,9
2152.80,6
2152.90,9
2153.00,4
2153.10,5
2153.20,8
2153.30,1
2153.40,9
2153.50,8
2153.60,3
2153.70,5
2153.80,3
2153.90,6
2154.00,7
2154.10,5
2154.20,10
2154.30,6
2154.40,8
2154.50,5
2154.60,2
2154.70,5
2154.80,1
2154.90,6
2155.00,7
2155.10,8
2155.20,6
2155.30,3
2155.40,10
2155.50,7
2155.60,4
2155.70,9
2155.80,8
2155.90,4
2156.00,6
2156.10,6
2156.20,9
2156.30,6
2156.40,8
2156.50,9
2156.60,9
2156.70,2
2156.80,4
2156.90,8
2157.00,2
2157.10,6
2157.20,5
2157.30,8
2157.40,9
2157.50,6
2157.60,1
2157.70,4
2157.80,3
2157.90,11
2158.00,5
2158.10,12
2158.20,6
2158.30,3
2158.40,8
2158.50,3
2158.60,9
2158.70,9
2158.80,8
2158.90,9
2159.00,8
2159.10,3
2159.20,5
2159.30,6
2159.40,6
2159.50,6
2159.60,5
2159.70,10
2159.80,5
2159.90,9
2160.00,7
2160.10,6
2160.20,11
2160.30,6
2160.40,5
2160.50,7
2160.60,8
2160.70,9
2160.80,4
2160.90,8
2161.00,5
2161.10,7
2161.20,11
2161.30,4
2161.40,6
2161.50,6
2161.60,9
2161.70,9
2161.80,3
2161.90,7
2162.00,3
2162.10,7
2162.20,5
2162.30,6
2162.40,4
2162.50,2
2162.60,1
2162.70,8
2162.80,4
2162.90,8
2163.00,9
2163.10,13
2163.20,7
2163.30,7
2163.40,7
2163.50,11
2163.60,6
2163.70,6
2163.80,5
2163.90,4
2164.00,6
2164.10,7
2164.20,5
2164.30,7
2164.40,9
2164.50,4
2164.60,8
2164.70,4
2164.80,10
2164.90,7
2165.00,13
2165.10,8
2165.20,7
2165.30,7
2165.40,6
2165.50,11
2165.60,7
2165.70,11
2165.80,5
2165.90,6
2166.00,6
2166.10,6
2166.20,2
2166.30,8
2166.40,5
2166.50,6
2166.60,3
2166.70,6
2166.80,5
2166.90,5
2167.00,8
2167.10,7
2167.20,10
2167.30,10
2167.40,12
2167.50,4
2167.60,5
2167.70,6
2167.80,7
2167.90,9
2168.00,6
2168.10,5
2168.20,8
2168.30,10
2168.40,10
2168.50,4
2168.60,6
2168.70,2
2168.80,1
2168.90,8
2169.00,11
2169.10,4
2169.20,9
2169.30,5
2169.40,4
2169.50,7
2169.60,5
2169.70,9
2169.80,2
2169.90,8
2170.00,4
2170.10,5
2170.20,8
2170.30,4
2170.40,3
2170.50,5
2170.60,3
2170.70,6
2170.80,4
2170.90,3
2171.00,3
2171.10,7
2171.20,9
2171.30,6
2171.40,8
2171.50,5
2171.60,13
2171.70,8
2171.80,6
2171.90,11
2172.00,6
2172.10,5
2172.20,5
2172.30,8
2172.40,9
2172.50,10
2172.60,5
2172.70,8
2172.80,6
2172.90,6
2173.00,6
2173.10,6
2173.20,6
2173.30,10
2173.40,8
2173.50,6
2173.60,7
2173.70,6
2173.80,2
2173.90,12
2174.00,8
2174.10,5
2174.20,4
2174.30,5
2174.40,4
2174.50,8
2174.60,8
2174.70,7
2174.80,7
2174.90,8
2175.00,7
2175.10,2
2175.20,10
2175.30,4
2175.40,9
2175.50,4
2175.60,4
2175.70,8
2175.80,6
2175.90,4
2176.00,6
2176.10,3
2176.20,7
2176.30,7
2176.40,3
2176.50,7
2176.60,5
2176.70,4
2176.80,5
2176.90,5
2177.00,12
2177.10,8
2177.20,6
2177.30,2
2177.40,10
2177.50,7
2177.60,10
2177.70,7
2177.80,7
2177.90,7
2178.00,10
2178.10,10
2178.20,5
2178.30,10
2178.40,7
2178.50,10
2178.60,9
2178.70,5
2178.80,3
2178.90,4
2179.00,10
2179.10,5
2179.20,9
2179.30,7
2179.40,8
2179.50,9
2179.60,10
2179.70,5
2179.80,3
2179.90,10
2180.00,12
2180.10,8
2180.20,9
2180.30,3
2180.40,8
2180.50,7
2180.60,9
2180.70,6
2180.80,7
2180.90,9
2181.00,7
2181.10,5
2181.20,8
2181.30,2
2181.40,11
2181.50,8
2181.60,2
2181.70,4
2181.80,4
2181.90,10
2182.00,5
2182.10,6
2182.20,7
2182.30,7
2182.40,9
2182.50,5
2182.60,6
2182.70,3
2182.80,8
2182.90,9
2183.00,13
2183.10,5
2183.20,3
2183.30,4
2183.40,4
2183.50,2
2183.60,6
2183.70,11
2183.80,8
2183.90,5
2184.00,10
2184.10,6
2184.20,12
2184.30,4
2184.40,9
2184.50,4
2184.60,9
2184.70,9
2184.80,9
2184.90,4
2185.00,9
2185.10,7
2185.20,8
2185.30,10
2185.40,5
2185.50,13
2185.60,5
2185.70,8
2185.80,11
2185.90,10
2186.00,9
2186.10,9
2186.20,7
2186.30,6
2186.40,9
2186.50,6
2186.60,8
2186.70,8
2186.80,9
2186.90,9
2187.00,4
2187.10,9
2187.20,10
2187.30,5
2187.40,7
2187.50,4
2187.60,9
2187.70,3
2187.80,5
2187.90,3
2188.00,4
2188.10,6
2188.20,6
2188.30,8
2188.40,8
2188.50,6
2188.60,11
2188.70,7
2188.80,7
2188.90,5
2189.00,11
2189.10,7
2189.20,8
2189.30,4
2189.40,10
2189.50,9
2189.60,10
2189.70,6
2189.80,4
2189.90,10
2190.00,8
2190.10,5
2190.20,5
2190.30,12
2190.40,6
2190.50,2
2190.60,5
2190.70,10
2190.80,10
2190.90,6
2191.00,6
2191.10,8
2191.20,9
2191.30,7
2191.40,8
2191.50,4
2191.60,7
2191.70,6
2191.80,7
2191.90,10
2192.00,10
2192.10,10
2192.20,8
2192.30,10
2192.40,7
2192.50,8
2192.60,9
2192.70,6
2192.80,3
2192.90,11
2193.00,9
2193.10,3
2193.20,11
2193.30,8
2193.40,10
2193.50,5
2193.60,5
2193.70,4
2193.80,8
2193.90,7
2194.00,7
2194.10,7
2194.20,7
2194.30,9
2194.40,5
2194.50,5
2194.60,11
2194.70,8
2194.80,4
2194.90,7
2195.00,3
2195.10,3
2195.20,16
2195.30,9
2195.40,11
2195.50,3
2195.60,8
2195.70,13
2195.80,7
2195.90,5
2196.00,4
2196.10,10
2196.20,6
2196.30,9
2196.40,6
2196.50,7
2196.60,6
2196.70,6
2196.80,7
2196.90,7
2197.00,10
2197.10,10
2197.20,14
2197.30,9
2197.40,5
2197.50,6
2197.60,7
2197.70,8
2197.80,11
2197.90,7
2198.00,14
2198.10,10
2198.20,12
2198.30,4
2198.40,13
2198.50,8
2198.60,7
2198.70,3
2198.80,6
2198.90,10
2199.00,8
2199.10,7
2199.20,8
2199.30,9
2199.40,6
2199.50,9
2199.60,9
2199.70,6
2199.80,6
2199.90,7
2200.00,6
2200.10,11
2200.20,8
2200.30,5
2200.40,4
2200.50,5
2200.60,7
2200.70,12
2200.80,6
2200.90,3
2201.00,8
2201.10,9
2201.20,6
2201.30,5
2201.40,8
2201.50,6
2201.60,5
2201.70,14
2201.80,5
2201.90,8
2202.00,1
2202.10,14
2202.20,9
2202.30,8
2202.40,7
2202.50,6
2202.60,7
2202.70,5
2202.80,6
2202.90,7
2203.00,5
2203.10,11
2203.20,9
2203.30,6
2203.40,7
2203.50,13
2203.60,10
2203.70,7
2203.80,8
2203.90,11
2204.00,6
2204.10,4
2204.20,9
2204.30,6
2204.40,8
2204.50,10
2204.60,7
2204.70,5
2204.80,8
2204.90,4
2205.00,3
2205.10,12
2205.20,8
2205.30,10
2205.40,10
2205.50,4
2205.60,4
2205.70,7
2205.80,6
2205.90,15
2206.00,5
2206.10,5
2206.20,6
2206.30,10
2206.40,10
2206.50,4
2206.60,5
2206.70,10
2206.80,6
2206.90,5
2207.00,7
2207.10,10
2207.20,5
2207.30,8
2207.40,4
2207.50,9
2207.60,13
2207.70,6
2207.80,4
2207.90,9
2208.00,11
2208.10,7
2208.20,8
2208.30,6
2208.40,5
2208.50,8
2208.60,9
2208.70,7
2208.80,13
2208.90,9
2209.00,6
2209.10,6
2209.20,9
2209.30,5
2209.40,8
2209.50,6
2209.60,10
2209.70,5
2209.80,8
2209.90,3
2210.00,13
2210.10,10
2210.20,8
2210.30,9
2210.40,9
2210.50,5
2210.60,9
2210.70,7
2210.80,10
2210.90,6
2211.00,7
2211.10,12
2211.20,3
2211.30,9
2211.40,11
2211.50,4
2211.60,12
2211.70,5
2211.80,9
2211.90,7
2212.00,6
2212.10,9
2212.20,9
2212.30,10
2212.40,8
2212.50,2
2212.60,7
2212.70,5
2212.80,11
2212.90,4
2213.00,5
2213.10,6
2213.20,9
2213.30,8
2213.40,6
2213.50,6
2213.60,11
2213.70,7
2213.80,7
2213.90,8
2214.00,6
2214.10,7
2214.20,12
2214.30,14
2214.40,7
2214.50,6
2214.60,4
2214.70,11
2214.80,11
2214.90,6
2215.00,11
2215.10,17
2215.20,7
2215.30,13
2215.40,7
2215.50,8
2215.60,8
2215.70,17
2215.80,7
2215.90,9
2216.00,6
2216.10,15
2216.20,13
2216.30,7
2216.40,7
2216.50,12
2216.60,8
2216.70,4
2216.80,7
2216.90,4
2217.00,4
2217.10,11
2217.20,6
2217.30,3
2217.40,4
2217.50,11
2217.60,3
2217.70,8
2217.80,9
2217.90,5
2218.00,8
2218.10,2
2218.20,4
2218.30,7
2218.40,8
2218.50,12
2218.60,10
2218.70,14
2218.80,5
2218.90,11
2219.00,6
2219.10,11
2219.20,11
2219.30,8
2219.40,3
2219.50,10
2219.60,6
2219.70,5
2219.80,9
2219.90,10
2220.00,11
2220.10,7
2220.20,10
2220.30,7
2220.40,9
2220.50,6
2220.60,7
2220.70,7
2220.80,7
2220.90,10
2221.00,5
2221.10,5
2221.20,8
2221.30,14
2221.40,7
2221.50,5
2221.60,9
2221.70,10
2221.80,5
2221.90,10
2222.00,6
2222.10,10
2222.20,9
2222.30,3
2222.40,8
2222.50,9
2222.60,14
2222.70,11
2222.80,5
2223.00,9
2223.10,4
2223.20,9
2223.30,5
2223.40,6
2223.50,8
2223.60,11
2223.70,12
2223.80,8
2223.90,4
2224.00,8
2224.10,5
2224.20,3
2224.30,6
2224.40,14
2224.50,7
2224.60,7
2224.70,6
2224.80,7
2224.90,1
2225.00,9
2225.10,8
2225.20,8
2225.30,11
2225.40,5
2225.50,14
2225.60,9
2225.70,7
2225.80,8
2225.90,8
2226.00,8
2226.10,11
2226.20,11
2226.30,7
2226.40,9
2226.50,10
2226.60,5
2226.70,5
2226.80,11
2226.90,12
2227.00,6
2227.10,10
2227.20,9
2227.30,5
2227.40,14
2227.50,9
2227.60,8
2227.70,3
2227.80,12
2227.90,9
2228.00,16
2228.10,5
2228.20,12
2228.30,6
2228.40,11
2228.50,11
2228.60,10
2228.70,13
2228.80,7
2228.90,8
2229.00,7
2229.10,6
2229.20,8
2229.30,3
2229.40,7
2229.50,8
2229.60,13
2229.70,10
2229.80,7
2229.90,5
2230.00,8
2230.10,12
2230.20,8
2230.30,14
2230.40,7
2230.50,7
2230.60,4
2230.70,12
2230.80,5
2230.90,5
2231.00,8
2231.10,7
2231.20,5
2231.30,6
2231.40,9
2231.50,12
2231.60,8
2231.70,8
2231.80,9
2231.90,11
2232.00,9
2232.10,6
2232.20,7
2232.30,13
2232.40,6
2232.50,3
2232.60,8
2232.70,11
2232.80,7
2232.90,10
2233.00,7
2233.10,12
2233.20,9
2233.30,10
2233.40,8
2233.50,14
2233.60,9
2233.70,6
2233.80,8
2233.90,8
2234.00,11
2234.10,8
2234.20,6
2234.30,8
2234.40,9
2234.50,11
2234.60,6
2234.70,12
2234.80,8
2234.90,5
2235.00,7
2235.10,6
2235.20,6
2235.30,5
2235.40,10
2235.50,11
2235.60,12
2235.70,12
2235.80,8
2235.90,10
2236.00,11
2236.10,10
2236.20,11
2236.30,11
2236.40,14
2236.50,16
2236.60,11
2236.70,9
2236.80,6
2236.90,12
2237.00,3
2237.10,11
2237.20,4
2237.30,6
2237.40,9
2237.50,10
2237.60,13
2237.70,5
2237.80,7
2237.90,8
2238.00,11
2238.10,6
2238.20,11
2238.30,5
2238.40,9
2238.50,6
2238.60,6
2238.70,4
2238.80,5
2238.90,5
2239.00,11
2239.10,10
2239.20,5
2239.30,10
2239.40,9
2239.50,15
2239.60,12
2239.70,5
2239.80,10
2239.90,7
2240.00,8
2240.10,7
2240.20,12
2240.30,6
2240.40,12
2240.50,10
2240.60,7
2240.70,8
2240.80,6
2240.90,11
2241.00,9
2241.10,5
2241.20,5
2241.30,12
2241.40,12
2241.50,8
2241.60,9
2241.70,11
2241.80,4
2241.90,14
2242.00,9
2242.10,15
2242.20,8
2242.30,7
2242.40,8
2242.50,5
2242.60,15
2242.70,13
2242.80,7
2242.90,9
2243.00,12
2243.10,12
2243.20,7
2243.30,4
2243.40,10
2243.50,10
2243.60,6
2243.70,7
2243.80,11
2243.90,12
2244.00,5
2244.10,8
2244.20,8
2244.30,7
2244.40,4
2244.50,13
2244.60,7
2244.70,6
2244.80,12
2244.90,8
2245.00,15
2245.10,7
2245.20,10
2245.30,8
2245.40,11
2245.50,10
2245.60,10
2245.70,12
2245.80,10
2245.90,13
2246.00,5
2246.10,6
2246.20,5
2246.30,8
2246.40,11
2246.50,7
2246.60,11
2246.70,9
2246.80,9
2246.90,10
2247.00,11
2247.10,9
2247.20,7
2247.30,5
2247.40,10
2247.50,11
2247.60,12
2247.70,12
2247.80,9
2247.90,10
2248.00,7
2248.10,12
2248.20,6
2248.30,11
2248.40,4
2248.50,6
2248.60,7
2248.70,8
2248.80,8
2248.90,10
2249.00,13
2249.10,4
2249.20,7
2249.30,6
2249.40,8
2249.50,9
2249.60,7
2249.70,6
2249.80,7
2249.90,11
2250.00,16
2250.10,13
2250.20,7
2250.30,4
2250.40,15
2250.50,8
2250.60,7
2250.70,7
2250.80,4
2250.90,14
2251.00,11
2251.10,9
2251.20,5
2251.30,8
2251.40,12
2251.50,5
2251.60,10
2251.70,10
2251.80,11
2251.90,3
2252.00,9
2252.10,7
2252.20,19
2252.30,5
2252.40,3
2252.50,6
2252.60,7
2252.70,11
2252.80,8
2252.90,3
2253.00,11
2253.10,9
2253.20,9
2253.30,9
2253.40,9
2253.50,9
2253.60,11
2253.70,5
2253.80,4
2253.90,8
2254.00,13
2254.10,9
2254.20,18
2254.30,15
2254.40,4
2254.50,8
2254.60,6
2254.70,8
2254.80,6
2254.90,6
2255.00,9
2255.10,4
2255.20,5
2255.30,6
2255.40,8
2255.50,8
2255.60,7
2255.70,11
2255.80,8
2255.90,6
2256.00,10
2256.10,13
2256.20,13
2256.30,6
2256.40,10
2256.50,5
2256.60,9
2256.70,7
2256.80,10
2256.90,14
2257.00,9
2257.10,8
2257.20,9
2257.30,7
2257.40,8
2257.50,6
2257.60,9
2257.70,2
2257.80,8
2257.90,7
2258.00,11
2258.10,10
2258.20,8
2258.30,6
2258.40,4
2258.50,13
2258.60,10
2258.70,11
2258.80,11
2258.90,5
2259.00,8
2259.10,8
2259.20,14
2259.30,10
2259.40,7
2259.50,11
2259.60,11
2259.70,9
2259.80,5
2259.90,9
2260.00,18
2260.10,7
2260.20,13
2260.30,8
2260.40,6
2260.50,6
2260.60,11
2260.70,10
2260.80,7
2260.90,11
2261.00,12
2261.10,6
2261.20,7
2261.30,10
2261.40,15
2261.50,8
2261.60,12
2261.70,8
2261.80,7
2261.90,7
2262.00,8
2262.10,12
2262.20,6
2262.30,16
2262.40,6
2262.50,12
2262.60,8
2262.70,9
2262.80,8
2262.90,9
2263.00,7
2263.10,11
2263.20,10
2263.30,6
2263.40,5
2263.50,6
2263.60,6
2263.70,9
2263.80,5
2263.90,9
2264.00,10
2264.10,9
2264.20,4
2264.30,3
2264.40,8
2264.50,11
2264.60,8
2264.70,4
2264.80,8
2264.90,16
2265.00,7
2265.10,7
2265.20,7
2265.30,5
2265.40,7
2265.50,4
2265.60,10
2265.70,7
2265.80,4
2265.90,7
2266.00,7
2266.10,10
2266.20,14
2266.30,6
2266.40,5
2266.50,5
2266.60,15
2266.70,16
2266.80,10
2266.90,4
2267.00,8
2267.10,6
2267.20,8
2267.30,7
2267.40,10
2267.50,6
2267.60,7
2267.70,8
2267.80,3
2267.90,10
2268.00,13
2268.10,12
2268.20,9
2268.30,11
2268.40,6
2268.50,7
2268.60,5
2268.70,13
2268.80,8
2268.90,8
2269.00,7
2269.10,9
2269.20,8
2269.30,9
2269.40,7
2269.50,5
2269.60,13
2269.70,5
2269.80,9
2269.90,6
2270.00,6
2270.10,9
2270.20,5
2270.30,9
2270.40,13
2270.50,12
2270.60,10
2270.70,11
2270.80,8
2270.90,6
2271.00,8
2271.10,5
2271.20,10
2271.30,8
2271.40,6
2271.50,15
2271.60,7
2271.70,9
2271.80,16
2271.90,10
2272.00,14
2272.10,9
2272.20,14
2272.30,8
2272.40,10
2272.50,9
2272.60,13
2272.70,9
2272.80,6
2272.90,7
2273.00,11
2273.10,11
2273.20,14
2273.30,11
2273.40,9
2273.50,5
2273.60,6
2273.70,8
2273.80,7
2273.90,8
2274.00,11
2274.10,6
2274.20,7
2274.30,5
2274.40,16
2274.50,12
2274.60,16
2274.70,11
2274.80,16
2274.90,10
2275.00,10
2275.10,8
2275.20,10
2275.30,12
2275.40,12
2275.50,14
2275.60,11
2275.70,5
2275.80,6
2275.90,8
2276.00,15
2276.10,12
2276.20,9
2276.30,10
2276.40,11
2276.50,9
2276.60,15
2276.70,15
2276.80,8
2276.90,6
2277.00,5
2277.10,10
2277.20,6
2277.30,8
2277.40,8
2277.50,8
2277.60,5
2277.70,8
2277.80,6
2277.90,5
2278.00,12
2278.10,10
2278.20,8
2278.30,9
2278.40,10
2278.50,8
2278.60,7
2278.70,8
2278.80,10
2278.90,7
2279.00,12
2279.10,13
2279.20,8
2279.30,5
2279.40,6
2279.50,10
2279.60,9
2279.70,13
2279.80,7
2279.90,11
2280.00,17
2280.10,16
2280.20,9
2280.30,5
2280.40,10
2280.50,13
2280.60,14
2280.70,6
2280.80,3
2280.90,6
2281.00,4
2281.10,7
2281.20,14
2281.30,13
2281.40,8
2281.50,15
2281.60,6
2281.70,11
2281.80,11
2281.90,8
2282.00,8
2282.10,5
2282.20,9
2282.30,9
2282.40,9
2282.50,11
2282.60,8
2282.70,6
2282.80,11
2282.90,9
2283.00,8
2283.10,12
2283.20,5
2283.30,14
2283.40,10
2283.50,10
2283.60,4
2283.70,9
2283.80,6
2283.90,11
2284.00,9
2284.10,8
2284.20,10
2284.30,6
2284.40,7
2284.50,5
2284.60,10
2284.70,11
2284.80,4
2284.90,12
2285.00,12
2285.10,14
2285.20,9
2285.30,14
2285.40,8
2285.50,12
2285.60,8
2285.70,11
2285.80,6
2285.90,10
2286.00,5
2286.10,15
2286.20,12
2286.30,10
2286.40,7
2286.50,8
2286.60,15
2286.70,12
2286.80,8
2286.90,9
2287.00,11
2287.10,13
2287.20,10
2287.30,12
2287.40,4
2287.50,8
2287.60,8
2287.70,10
2287.80,12
2287.90,10
2288.00,10
2288.10,15
2288.20,8
2288.30,5
2288.40,9
2288.50,10
2288.60,9
2288.70,5
2288.80,5
2288.90,7
2289.00,11
2289.10,10
2289.20,6
2289.30,6
2289.40,11
2289.50,10
2289.60,9
2289.70,9
2289.80,6
2289.90,9
2290.00,15
2290.10,5
2290.20,6
2290.30,6
2290.40,15
2290.50,12
2290.60,13
2290.70,12
2290.80,12
2290.90,7
2291.00,10
2291.10,13
2291.20,12
2291.30,11
2291.40,9
2291.50,11
2291.60,12
2291.70,12
2291.80,10
2291.90,6
2292.00,6
2292.10,8
2292.20,6
2292.30,7
2292.40,10
2292.50,9
2292.60,13
2292.70,5
2292.80,11
2292.90,9
2293.00,13
2293.10,8
2293.20,8
2293.30,8
2293.40,14
2293.50,9
2293.60,15
2293.70,11
2293.80,10
2293.90,14
2294.00,13
2294.10,8
2294.20,5
2294.30,9
2294.40,9
2294.50,9
2294.60,11
2294.70,6
2294.80,7
2294.90,11
2295.00,12
2295.10,13
2295.20,10
2295.30,10
2295.40,9
2295.50,13
2295.60,10
2295.70,7
2295.80,8
2295.90,11
2296.00,11
2296.10,9
2296.20,10
2296.30,11
2296.40,13
2296.50,6
2296.60,6
2296.70,14
2296.80,9
2296.90,11
2297.00,13
2297.10,11
2297.20,3
2297.30,9
2297.40,6
2297.50,9
2297.60,7
2297.70,8
2297.80,15
2297.90,11
2298.00,6
2298.10,5
2298.20,9
2298.30,12
2298.40,10
2298.50,7
2298.60,5
2298.70,9
2298.80,15
2298.90,6
2299.00,5
2299.10,8
2299.20,11
2299.30,6
2299.40,8
2299.50,8
2299.60,8
2299.70,10
2299.80,10
2299.90,5
2300.00,7
2300.10,10
2300.20,5
2300.30,11
2300.40,8
2300.50,7
2300.60,7
2300.70,9
2300.80,9
2300.90,13
2301.00,10
2301.10,4
2301.20,10
2301.30,5
2301.40,10
2301.50,12
2301.60,15
2301.70,15
2301.80,14
2301.90,7
2302.00,8
2302.10,8
2302.20,8
2302.30,13
2302.40,8
2302.50,10
2302.60,7
2302.70,8
2302.80,11
2302.90,6
2303.00,6
2303.10,8
2303.20,11
2303.30,16
2303.40,12
2303.50,14
2303.60,8
2303.70,6
2303.80,14
2303.90,8
2304.00,6
2304.10,8
2304.20,10
2304.30,21
2304.40,12
2304.50,7
2304.60,12
2304.70,11
2304.80,10
2304.90,5
2305.00,9
2305.10,9
2305.20,7
2305.30,6
2305.40,11
2305.50,12
2305.60,3
2305.70,10
2305.80,16
2305.90,6
2306.00,7
2306.10,11
2306.20,8
2306.30,3
2306.40,10
2306.50,12
2306.60,8
2306.70,9
2306.80,11
2306.90,11
2307.00,8
2307.10,12
2307.20,12
2307.30,8
2307.40,12
2307.50,13
2307.60,8
2307.70,11
2307.80,9
2307.90,5
2308.00,10
2308.10,8
2308.20,9
2308.30,9
2308.40,12
2308.50,7
2308.60,8
2308.70,7
2308.80,12
2308.90,6
2309.00,18
2309.10,6
2309.20,7
2309.30,6
2309.40,4
2309.50,10
2309.60,11
2309.70,5
2309.80,6
2309.90,13
2310.00,12
2310.10,10
2310.20,6
2310.30,9
2310.40,10
2310.50,14
2310.60,9
2310.70,10
2310.80,9
2310.90,14
2311.00,8
2311.10,9
2311.20,8
2311.30,6
2311.40,10
2311.50,12
2311.60,10
2311.70,12
2311.80,12
2311.90,8
2312.00,7
2312.10,7
2312.20,13
2312.30,12
2312.40,11
2312.50,6
2312.60,10
2312.70,11
2312.80,15
2312.90,9
2313.00,14
2313.10,12
2313.20,4
2313.30,12
2313.40,4
2313.50,8
2313.60,16
2313.70,15
2313.80,11
2313.90,4
2314.00,3
2314.10,7
2314.20,9
2314.30,7
2314.40,8
2314.50,11
2314.60,8
2314.70,7
2314.80,10
2314.90,7
2315.00,8
2315.10,9
2315.20,7
2315.30,14
2315.40,6
2315.50,11
2315.60,11
2315.70,7
2315.80,9
2315.90,8
2316.00,7
2316.10,14
2316.20,7
2316.30,5
2316.40,9
2316.50,6
2316.60,13
2316.70,11
2316.80,12
2316.90,9
2317.00,21
2317.10,13
2317.20,11
2317.30,13
2317.40,8
2317.50,10
2317.60,12
2317.70,14
2317.80,9
2317.90,10
2318.00,13
2318.10,8
2318.20,9
2318.30,11
2318.40,10
2318.50,10
2318.60,12
2318.70,8
2318.80,12
2318.90,8
2319.00,7
2319.10,13
2319.20,11
2319.30,8
2319.40,7
2319.50,11
2319.60,15
2319.70,11
2319.80,4
2319.90,12
2320.00,16
2320.10,3
2320.20,10
2320.30,10
2320.40,6
2320.50,10
2320.60,9
2320.70,6
2320.80,7
2320.90,13
2321.00,8
2321.10,10
2321.20,6
2321.30,7
2321.40,11
2321.50,9
2321.60,9
2321.70,10
2321.80,7
2321.90,7
2322.00,12
2322.10,6
2322.20,9
2322.30,13
2322.40,9
2322.50,12
2322.60,6
2322.70,7
2322.80,10
2322.90,13
2323.00,7
2323.10,12
2323.20,12
2323.30,8
2323.40,11
2323.50,5
2323.60,14
2323.70,10
2323.80,10
2323.90,8
2324.00,8
2324.10,12
2324.20,11
2324.30,12
2324.40,6
2324.50,7
2324.60,10
2324.70,6
2324.80,7
2324.90,11
2325.00,9
2325.10,2
2325.20,14
2325.30,9
2325.40,9
2325.50,13
2325.60,11
2325.70,9
2325.80,10
2325.90,14
2326.00,10
2326.10,5
2326.20,7
2326.30,12
2326.40,7
2326.50,7
2326.60,11
2326.70,15
2326.80,6
2326.90,9
2327.00,6
2327.10,6
2327.20,14
2327.30,6
2327.40,10
2327.50,12
2327.60,8
2327.70,10
2327.80,8
2327.90,8
2328.00,10
2328.10,12
2328.20,7
2328.30,5
2328.40,4
2328.50,10
2328.60,15
2328.70,6
2328.80,7
2328.90,13
2329.00,12
2329.10,4
2329.20,8
2329.30,7
2329.40,17
2329.50,10
2329.60,8
2329.70,13
2329.80,11
2329.90,14
2330.00,3
2330.10,10
2330.20,10
2330.30,9
2330.40,8
2330.50,13
2330.60,8
2330.70,11
2330.80,12
2330.90,8
2331.00,12
2331.10,5
2331.20,3
2331.30,7
2331.40,9
2331.50,15
2331.60,10
2331.70,13
2331.80,6
2331.90,10
2332.00,11
2332.10,7
2332.20,5
2332.30,8
2332.40,6
2332.50,12
2332.60,10
2332.70,15
2332.80,9
2332.90,5
2333.00,9
2333.10,10
2333.20,10
2333.30,8
2333.40,8
2333.50,13
2333.60,6
2333.70,9
2333.80,16
2333.90,5
2334.00,9
2334.10,8
2334.20,11
2334.30,12
2334.40,9
2334.50,9
2334.60,14
2334.70,7
2334.80,3
2334.90,4
2335.00,10
2335.10,7
2335.20,12
2335.30,8
2335.40,6
2335.50,10
2335.60,9
2335.70,4
2335.80,11
2335.90,7
2336.00,6
2336.10,6
2336.20,8
2336.30,12
2336.40,12
2336.50,13
2336.60,3
2336.70,8
2336.80,16
2336.90,7
2337.00,6
2337.10,9
2337.20,12
2337.30,13
2337.40,12
2337.50,10
2337.60,9
2337.70,13
2337.80,9
2337.90,11
2338.00,12
2338.10,9
2338.20,6
2338.30,14
2338.40,10
2338.50,13
2338.60,4
2338.70,11
2338.80,4
2338.90,9
2339.00,17
2339.10,16
2339.20,8
2339.30,6
2339.40,9
2339.50,3
2339.60,8
2339.70,9
2339.80,7
2339.90,8
2340.00,12
2340.10,11
2340.20,5
2340.30,11
2340.40,11
2340.50,14
2340.60,12
2340.70,6
2340.80,6
2340.90,12
2341.00,9
2341.10,11
2341.20,6
2341.30,7
2341.40,14
2341.50,15
2341.60,13
2341.70,11
2341.80,5
2341.90,9
2342.00,8
2342.10,5
2342.20,7
2342.30,8
2342.40,12
2342.50,7
2342.60,16
2342.70,9
2342.80,11
2342.90,9
2343.00,10
2343.10,15
2343.20,9
2343.30,11
2343.40,14
2343.50,6
2343.60,13
2343.70,9
2343.80,13
2343.90,12
2344.00,8
2344.10,10
2344.20,10
2344.30,9
2344.40,12
2344.50,4
2344.60,11
2344.70,10
2344.80,19
2344.90,11
2345.00,8
2345.10,10
2345.20,15
2345.30,8
2345.40,11
2345.50,7
2345.60,10
2345.70,7
2345.80,11
2345.90,9
2346.00,11
2346.10,9
2346.20,4
2346.30,13
2346.40,6
2346.50,10
2346.60,5
2346.70,5
2346.80,7
2346.90,6
2347.00,11
2347.10,7
2347.20,10
2347.30,11
2347.40,12
2347.50,9
2347.60,7
2347.70,10
2347.80,9
2347.90,15
2348.00,9
2348.10,14
2348.20,9
2348.30,6
2348.40,9
2348.50,12
2348.60,10
2348.70,8
2348.80,12
2348.90,7
2349.00,11
2349.10,9
2349.20,6
2349.30,6
2349.40,9
2349.50,8
2349.60,8
2349.70,8
2349.80,10
2349.90,6
2350.00,11
2350.10,9
2350.20,11
2350.30,8
2350.40,10
2350.50,9
2350.60,8
2350.70,7
2350.80,8
2350.90,6
2351.00,10
2351.10,9
2351.20,6
2351.30,3
2351.40,9
2351.50,8
2351.60,14
2351.70,10
2351.80,12
2351.90,18
2352.00,11
2352.10,12
2352.20,12
2352.30,15
2352.40,7
2352.50,5
2352.60,13
2352.70,10
2352.80,10
2352.90,13
2353.00,4
2353.10,10
2353.20,12
2353.30,7
2353.40,3
2353.50,10
2353.60,11
2353.70,7
2353.80,9
2353.90,12
2354.00,10
2354.10,11
2354.20,11
2354.30,7
2354.40,11
2354.50,8
2354.60,12
2354.70,9
2354.80,9
2354.90,7
2355.00,11
2355.10,9
2355.20,11
2355.30,8
2355.40,15
2355.50,13
2355.60,10
2355.70,4
2355.80,8
2355.90,6
2356.00,14
2356.10,15
2356.20,5
2356.30,7
2356.40,10
2356.50,6
2356.60,8
2356.70,11
2356.80,7
2356.90,9
2357.00,8
2357.10,5
2357.20,3
2357.30,14
2357.40,13
2357.50,16
2357.60,15
2357.70,10
2357.80,10
2357.90,12
2358.00,18
2358.10,10
2358.20,10
2358.30,14
2358.40,11
2358.50,9
2358.60,6
2358.70,15
2358.80,7
2358.90,5
2359.00,9
2359.10,10
2359.20,6
2359.30,14
2359.40,18
2359.50,4
2359.60,10
2359.70,14
2359.80,9
2359.90,7
2360.00,7
2360.10,10
2360.20,14
2360.30,6
2360.40,14
2360.50,9
2360.60,8
2360.70,10
2360.80,10
2360.90,6
2361.00,11
2361.10,8
2361.20,11
2361.30,9
2361.40,8
2361.50,8
2361.60,8
2361.70,4
2361.80,10
2361.90,17
2362.00,7
2362.10,12
2362.20,12
2362.30,16
2362.40,10
2362.50,8
2362.60,6
2362.70,6
2362.80,14
2362.90,11
2363.00,14
2363.10,6
2363.20,8
2363.30,3
2363.40,14
2363.50,9
2363.60,8
2363.70,6
2363.80,9
2363.90,3
2364.00,7
2364.10,8
2364.20,8
2364.30,9
2364.40,13
2364.50,18
2364.60,11
2364.70,7
2364.80,1
2364.90,17
2365.00,8
2365.10,9
2365.20,8
2365.30,6
2365.40,10
2365.50,7
2365.60,12
2365.70,10
2365.80,8
2365.90,5
2366.00,10
2366.10,5
2366.20,14
2366.30,10
2366.40,9
2366.50,9
2366.60,9
2366.70,10
2366.80,10
2366.90,9
2367.00,7
2367.10,13
2367.20,7
2367.30,6
2367.40,13
2367.50,11
2367.60,4
2367.70,3
2367.80,5
2367.90,11
2368.00,12
2368.10,13
2368.20,8
2368.30,10
2368.40,10
2368.50,16
2368.60,15
2368.70,6
2368.80,9
2368.90,8
2369.00,12
2369.10,10
2369.20,12
2369.30,6
2369.40,11
2369.50,6
2369.60,7
2369.70,13
2369.80,6
2369.90,4
2370.00,13
2370.10,11
2370.20,6
2370.30,13
2370.40,11
2370.50,13
2370.60,5
2370.70,11
2370.80,17
2370.90,15
2371.00,10
2371.10,8
2371.20,10
2371.30,8
2371.40,5
2371.50,8
2371.60,6
2371.70,8
2371.80,9
2371.90,9
2372.00,11
2372.10,9
2372.20,4
2372.30,13
2372.40,11
2372.50,9
2372.60,7
2372.70,11
2372.80,8
2372.90,9
2373.00,3
2373.10,4
2373.20,12
2373.30,13
2373.40,12
2373.50,5
2373.60,8
2373.70,5
2373.80,13
2373.90,14
2374.00,12
2374.10,10
2374.20,14
2374.30,12
2374.40,11
2374.50,17
2374.60,5
2374.70,8
2374.80,11
2374.90,6
2375.00,13
2375.10,9
2375.20,12
2375.30,15
2375.40,10
2375.50,6
2375.60,7
2375.70,8
2375.80,12
2375.90,7
2376.00,9
2376.10,6
2376.20,12
2376.30,11
2376.40,11
2376.50,7
2376.60,10
2376.70,15
2376.80,9
2376.90,9
2377.00,5
2377.10,11
2377.20,8
2377.30,2
2377.40,11
2377.50,13
2377.60,9
2377.70,14
2377.80,7
2377.90,12
2378.00,12
2378.10,6
2378.20,8
2378.30,11
2378.40,8
2378.50,8
2378.60,12
2378.70,9
2378.80,9
2378.90,7
2379.00,8
2379.10,8
2379.20,6
2379.30,7
2379.40,6
2379.50,9
2379.60,7
2379.70,7
2379.80,12
2379.90,7
2380.00,8
2380.10,12
2380.20,6
2380.30,8
2380.40,9
2380.50,10
2380.60,10
2380.70,5
2380.80,9
2380.90,11
2381.00,5
2381.10,7
2381.20,14
2381.30,6
2381.40,8
2381.50,12
2381.60,10
2381.70,8
2381.80,15
2381.90,14
2382.00,8
2382.10,15
2382.20,11
2382.30,9
2382.40,11
2382.50,4
2382.60,11
2382.70,10
2382.80,13
2382.90,7
2383.00,8
2383.10,7
2383.20,11
2383.30,11
2383.40,7
2383.50,13
2383.60,11
2383.70,8
2383.80,7
2383.90,8
2384.00,5
2384.10,6
2384.20,10
2384.30,6
2384.40,6
2384.50,9
2384.60,6
2384.70,7
2384.80,10
2384.90,16
2385.00,11
2385.10,10
2385.20,11
2385.30,6
2385.40,13
2385.50,10
2385.60,14
2385.70,9
2385.80,6
2385.90,11
2386.00,7
2386.10,13
2386.20,9
2386.30,7
2386.40,12
2386.50,11
2386.60,8
2386.70,8
2386.80,4
2386.90,2
2387.00,4
2387.10,5
2387.20,11
2387.30,9
2387.40,11
2387.50,6
2387.60,15
2387.70,16
2387.80,9
2387.90,9
2388.00,8
2388.10,13
2388.20,3
2388.30,11
2388.40,8
2388.50,12
2388.60,6
2388.70,10
2388.80,13
2388.90,10
2389.00,18
2389.10,8
2389.20,9
2389.30,12
2389.40,9
2389.50,8
2389.60,8
2389.70,8
2389.80,6
2389.90,8
2390.00,7
2390.10,10
2390.20,6
2390.30,4
2390.40,7
2390.50,10
2390.60,10
2390.70,8
2390.80,7
2390.90,13
2391.00,6
2391.10,8
2391.20,6
2391.30,8
2391.40,7
2391.50,9
2391.60,11
2391.70,7
2391.80,13
2391.90,5
2392.00,10
2392.10,9
2392.20,8
2392.30,8
2392.40,10
2392.50,9
2392.60,8
2392.70,8
2392.80,12
2392.90,10
2393.00,4
2393.10,7
2393.20,10
2393.30,10
2393.40,12
2393.50,6
2393.60,8
2393.70,7
2393.80,9
2393.90,4
2394.00,11
2394.10,6
2394.20,16
2394.30,7
2394.40,9
2394.50,7
2394.60,9
2394.70,7
2394.80,9
2394.90,10
2395.00,3
2395.10,8
2395.20,6
2395.30,8
2395.40,9
2395.50,4
2395.60,15
2395.70,15
2395.80,7
2395.90,8
2396.00,10
2396.10,8
2396.20,10
2396.30,9
2396.40,7
2396.50,13
2396.60,5
2396.70,9
2396.80,12
2396.90,9
2397.00,4
2397.10,4
2397.20,5
2397.30,13
2397.40,17
2397.50,8
2397.60,13
2397.70,6
2397.80,9
2397.90,7
2398.00,12
2398.10,5
2398.20,8
2398.30,10
2398.40,6
2398.50,13
2398.60,16
2398.70,9
2398.80,11
2398.90,4
2399.00,6
2399.10,9
2399.20,8
2399.30,5
2399.40,12
2399.50,10
2399.60,5
2399.70,9
2399.80,8
2399.90,7
2400.00,9
2400.10,8
2400.20,11
2400.30,14
2400.40,6
2400.50,5
2400.60,14
2400.70,12
2400.80,11
2400.90,8
2401.00,9
2401.10,6
2401.20,9
2401.30,14
2401.40,12
2401.50,13
2401.60,10
2401.70,8
2401.80,3
2401.90,12
2402.00,12
2402.10,10
2402.20,9
2402.30,10
2402.40,13
2402.50,11
2402.60,5
2402.70,8
2402.80,14
2402.90,13
2403.00,4
2403.10,6
2403.20,16
2403.30,9
2403.40,7
2403.50,11
2403.60,8
2403.70,6
2403.80,13
2403.90,6
2404.00,7
2404.10,8
2404.20,13
2404.30,9
2404.40,12
2404.50,7
2404.60,10
2404.70,8
2404.80,8
2404.90,10
2405.00,10
2405.10,11
2405.20,2
2405.30,7
2405.40,11
2405.50,9
2405.60,8
2405.70,21
2405.80,7
2405.90,10
2406.00,10
2406.10,5
2406.20,8
2406.30,7
2406.40,8
2406.50,6
2406.60,9
2406.70,10
2406.80,8
2406.90,8
2407.00,9
2407.10,8
2407.20,6
2407.30,6
2407.40,9
2407.50,7
2407.60,10
2407.70,7
2407.80,7
2407.90,9
2408.00,4
2408.10,9
2408.20,9
2408.30,11
2408.40,12
2408.50,10
2408.60,12
2408.70,13
2408.80,10
2408.90,12
2409.00,8
2409.10,6
2409.20,13
2409.30,6
2409.40,8
2409.50,11
2409.60,9
2409.70,12
2409.80,10
2409.90,8
2410.00,5
2410.10,7
2410.20,16
2410.30,8
2410.40,6
2410.50,19
2410.60,5
2410.70,6
2410.80,5
2410.90,5
2411.00,9
2411.10,9
2411.20,4
2411.30,11
2411.40,8
2411.50,10
2411.60,10
2411.70,9
2411.80,7
2411.90,5
2412.00,9
2412.10,8
2412.20,11
2412.30,8
2412.40,13
2412.50,9
2412.60,8
2412.70,6
2412.80,13
2412.90,9
2413.00,8
2413.10,16
2413.20,7
2413.30,8
2413.40,7
2413.50,8
2413.60,7
2413.70,8
2413.80,6
2413.90,13
2414.00,6
2414.10,4
2414.20,11
2414.30,9
2414.40,14
2414.50,10
2414.60,4
2414.70,9
2414.80,7
2414.90,13
2415.00,5
2415.10,12
2415.20,10
2415.30,15
2415.40,8
2415.50,8
2415.60,9
2415.70,5
2415.80,5
2415.90,10
2416.00,9
2416.10,9
2416.20,6
2416.30,10
2416.40,11
2416.50,6
2416.60,10
2416.70,6
2416.80,7
2416.90,8
2417.00,11
2417.10,9
2417.20,8
2417.30,8
2417.40,12
2417.50,8
2417.60,4
2417.70,6
2417.80,6
2417.90,19
2418.00,7
2418.10,8
2418.20,11
2418.30,12
2418.40,6
2418.50,9
2418.60,9
2418.70,5
2418.80,11
2418.90,8
2419.00,3
2419.10,9
2419.20,6
2419.30,10
2419.40,6
2419.50,9
2419.60,10
2419.70,10
2419.80,9
2419.90,9
2420.00,11
2420.10,14
2420.20,12
2420.30,10
2420.40,8
2420.50,13
2420.60,14
2420.70,9
2420.80,15
2420.90,7
2421.00,5
2421.10,8
2421.20,9
2421.30,9
2421.40,7
2421.50,11
2421.60,11
2421.70,6
2421.80,13
2421.90,5
2422.00,6
2422.10,5
2422.20,14
2422.30,9
2422.40,11
2422.50,8
2422.60,6
2422.70,9
2422.80,10
2422.90,6
2423.00,13
2423.10,7
2423.20,4
2423.30,13
2423.40,12
2423.50,10
2423.60,8
2423.70,8
2423.80,9
2423.90,11
2424.00,7
2424.10,12
2424.20,5
2424.30,5
2424.40,10
2424.50,3
2424.60,12
2424.70,13
2424.80,6
2424.90,9
2425.00,16
2425.10,6
2425.20,8
2425.30,8
2425.40,1
2425.50,10
2425.60,8
2425.70,5
2425.80,7
2425.90,5
2426.00,6
2426.10,7
2426.20,10
2426.30,10
2426.40,6
2426.50,8
2426.60,9
2426.70,12
2426.80,7
2426.90,4
2427.00,7
2427.10,17
2427.20,10
2427.30,3
2427.40,10
2427.50,12
2427.60,8
2427.70,6
2427.80,6
2427.90,12
2428.00,9
2428.10,5
2428.20,4
2428.30,9
2428.40,9
2428.50,3
2428.60,9
2428.70,12
2428.80,8
2428.90,8
2429.00,7
2429.10,3
2429.20,8
2429.30,7
2429.40,10
2429.50,13
2429.60,6
2429.70,11
2429.80,6
2429.90,7
2430.00,8
2430.10,11
2430.20,11
2430.30,7
2430.40,11
2430.50,11
2430.60,8
2430.70,10
2430.80,11
2430.90,11
2431.00,9
2431.10,5
2431.20,7
2431.30,11
2431.40,13
2431.50,10
2431.60,7
2431.70,8
2431.80,10
2431.90,11
2432.00,7
2432.10,7
2432.20,9
2432.30,8
2432.40,9
2432.50,8
2432.60,9
2432.70,13
2432.80,9
2432.90,10
2433.00,5
2433.10,8
2433.20,9
2433.30,7
2433.40,8
2433.50,5
2433.60,8
2433.70,15
2433.80,9
2433.90,12
2434.00,11
2434.10,7
2434.20,10
2434.30,5
2434.40,13
2434.50,8
2434.60,14
2434.70,8
2434.80,8
2434.90,8
2435.00,6
2435.10,11
2435.20,10
2435.30,6
2435.40,9
2435.50,7
2435.60,11
2435.70,4
2435.80,11
2435.90,5
2436.00,12
2436.10,12
2436.20,7
2436.30,5
2436.40,10
2436.50,13
2436.60,13
2436.70,9
2436.80,8
2436.90,9
2437.00,8
2437.10,7
2437.20,15
2437.30,7
2437.40,5
2437.50,10
2437.60,6
2437.70,8
2437.80,10
2437.90,16
2438.00,8
2438.10,10
2438.20,10
2438.30,8
2438.40,8
2438.50,7
2438.60,12
2438.70,9
2438.80,4
2438.90,8
2439.00,13
2439.10,6
2439.20,12
2439.30,11
2439.40,4
2439.50,8
2439.60,7
2439.70,10
2439.80,3
2439.90,11
2440.00,5
2440.10,4
2440.20,7
2440.30,6
2440.40,11
2440.50,7
2440.60,6
2440.70,14
2440.80,9
2440.90,5
2441.00,7
2441.10,15
2441.20,5
2441.30,8
2441.40,10
2441.50,5
2441.60,5
2441.70,13
2441.80,7
2441.90,12
2442.00,12
2442.10,3
2442.20,11
2442.30,8
2442.40,9
2442.50,8
2442.60,9
2442.70,7
2442.80,8
2442.90,13
2443.00,7
2443.10,10
2443.20,8
2443.30,9
2443.40,11
2443.50,7
2443.60,14
2443.70,5
2443.80,12
2443.90,8
2444.00,10
2444.10,11
2444.20,13
2444.30,7
2444.40,5
2444.50,11
2444.60,8
2444.70,9
2444.80,8
2444.90,9
2445.00,4
2445.10,6
2445.20,9
2445.30,8
2445.40,7
2445.50,9
2445.60,9
2445.70,16
2445.80,12
2445.90,13
2446.00,13
2446.10,5
2446.20,6
2446.30,9
2446.40,2
2446.50,12
2446.60,10
2446.70,8
2446.80,8
2446.90,8
2447.00,3
2447.10,3
2447.20,12
2447.30,10
2447.40,11
2447.50,7
2447.60,10
2447.70,12
2447.80,6
2447.90,9
2448.00,9
2448.10,9
2448.20,7
2448.30,6
2448.40,8
2448.50,9
2448.60,8
2448.70,9
2448.80,7
2448.90,6
2449.00,9
2449.10,8
2449.20,11
2449.30,11
2449.40,9
2449.50,6
2449.60,6
2449.70,9
2449.80,7
2449.90,13
2450.00,6
2450.10,12
2450.20,5
2450.30,5
2450.40,4
2450.50,6
2450.60,10
2450.70,4
2450.80,9
2450.90,8
2451.00,11
2451.10,4
2451.20,6
2451.30,7
2451.40,13
2451.50,8
2451.60,7
2451.70,13
2451.80,13
2451.90,6
2452.00,8
2452.10,9
2452.20,5
2452.30,9
2452.40,9
2452.50,7
2452.60,9
2452.70,11
2452.80,9
2452.90,10
2453.00,8
2453.10,5
2453.20,9
2453.30,12
2453.40,11
2453.50,8
2453.60,8
2453.70,5
2453.80,7
2453.90,9
2454.00,5
2454.10,7
2454.20,7
2454.30,19
2454.40,10
2454.50,7
2454.60,8
2454.70,10
2454.80,7
2454.90,9
2455.00,6
2455.10,7
2455.20,3
2455.30,8
2455.40,13
2455.50,8
2455.60,7
2455.70,7
2455.80,8
2455.90,7
2456.00,10
2456.10,6
2456.20,10
2456.30,7
2456.40,6
2456.50,12
2456.60,14
2456.70,9
2456.80,7
2456.90,5
2457.00,12
2457.10,13
2457.20,6
2457.30,6
2457.40,7
2457.50,10
2457.60,9
2457.70,9
2457.80,10
2457.90,9
2458.00,10
2458.10,10
2458.20,4
2458.30,8
2458.40,13
2458.50,10
2458.60,8
2458.70,13
2458.80,9
2458.90,6
2459.00,12
2459.10,3
2459.20,8
2459.30,6
2459.40,8
2459.50,6
2459.60,15
2459.70,9
2459.80,5
2459.90,8
2460.00,14
2460.10,8
2460.20,8
2460.30,12
2460.40,7
2460.50,11
2460.60,9
2460.70,1
2460.80,7
2460.90,9
2461.00,12
2461.10,8
2461.20,3
2461.30,11
2461.40,10
2461.50,11
2461.60,11
2461.70,13
2461.80,10
2461.90,5
2462.00,11
2462.10,4
2462.20,7
2462.30,7
2462.40,3
2462.50,4
2462.60,7
2462.70,10
2462.80,6
2462.90,6
2463.00,3
2463.10,9
2463.20,9
2463.30,4
2463.40,10
2463.50,16
2463.60,6
2463.70,5
2463.80,6
2463.90,13
2464.00,8
2464.10,12
2464.20,11
2464.30,7
2464.40,9
2464.50,5
2464.60,10
2464.70,9
2464.80,3
2464.90,5
2465.00,13
2465.10,5
2465.20,7
2465.30,7
2465.40,9
2465.50,6
2465.60,6
2465.70,5
2465.80,3
2465.90,10
2466.00,10
2466.10,7
2466.20,6
2466.30,8
2466.40,11
2466.50,9
2466.60,9
2466.70,9
2466.80,7
2466.90,11
2467.00,15
2467.10,6
2467.20,5
2467.30,9
2467.40,7
2467.50,9
2467.60,6
2467.70,9
2467.80,11
2467.90,14
2468.00,9
2468.10,5
2468.20,7
2468.30,5
2468.40,7
2468.50,5
2468.60,11
2468.70,6
2468.80,3
2468.90,7
2469.00,5
2469.10,7
2469.20,8
2469.30,10
2469.40,3
2469.50,10
2469.60,11
2469.70,8
2469.80,8
2469.90,8
2470.00,6
2470.10,8
2470.20,3
2470.30,7
2470.40,3
2470.50,6
2470.60,5
2470.70,8
2470.80,11
2470.90,4
2471.00,6
2471.10,6
2471.20,8
2471.30,11
2471.40,10
2471.50,8
2471.60,9
2471.70,8
2471.80,9
2471.90,6
2472.00,6
2472.10,6
2472.20,10
2472.30,7
2472.40,9
2472.50,9
2472.60,13
2472.70,9
2472.80,9
2472.90,7
2473.00,4
2473.10,10
2473.20,14
2473.30,6
2473.40,7
2473.50,5
2473.60,6
2473.70,7
2473.80,6
2473.90,9
2474.00,9
2474.10,5
2474.20,10
2474.30,9
2474.40,10
2474.50,9
2474.60,9
2474.70,6
2474.80,7
2474.90,7
2475.00,6
2475.10,12
2475.20,13
2475.30,8
2475.40,7
2475.50,5
2475.60,4
2475.70,7
2475.80,6
2475.90,10
2476.00,9
2476.10,12
2476.20,13
2476.30,6
2476.40,6
2476.50,7
2476.60,13
2476.70,5
2476.80,7
2476.90,10
2477.00,9
2477.10,7
2477.20,8
2477.30,9
2477.40,6
2477.50,9
2477.60,8
2477.70,11
2477.80,10
2477.90,10
2478.00,7
2478.10,8
2478.20,9
2478.30,8
2478.40,5
2478.50,7
2478.60,6
2478.70,9
2478.80,11
2478.90,5
2479.00,9
2479.10,7
2479.20,7
2479.30,11
2479.40,8
2479.50,7
2479.60,9
2479.70,9
2479.80,10
2479.90,4
2480.00,7
2480.10,8
2480.20,9
2480.30,6
2480.40,6
2480.50,8
2480.60,7
2480.70,11
2480.80,9
2480.90,9
2481.00,6
2481.10,10
2481.20,9
2481.30,11
2481.40,8
2481.50,1
2481.60,3
2481.70,12
2481.80,6
2481.90,6
2482.00,8
2482.10,9
2482.20,6
2482.30,7
2482.40,8
2482.50,12
2482.60,6
2482.70,4
2482.80,8
2482.90,4
2483.00,7
2483.10,8
2483.20,6
2483.30,8
2483.40,8
2483.50,7
2483.60,10
2483.70,7
2483.80,9
2483.90,11
2484.00,4
2484.10,8
2484.20,4
2484.30,9
2484.40,5
2484.50,5
2484.60,7
2484.70,6
2484.80,8
2484.90,14
2485.00,9
2485.10,8
2485.20,6
2485.30,6
2485.40,11
2485.50,9
2485.60,5
2485.70,12
2485.80,11
2485.90,5
2486.00,6
2486.10,5
2486.20,4
2486.30,10
2486.40,12
2486.50,4
2486.60,11
2486.70,8
2486.80,12
2486.90,13
2487.00,9
2487.10,7
2487.20,8
2487.30,6
2487.40,8
2487.50,6
2487.60,3
2487.70,10
2487.80,4
2487.90,5
2488.00,12
2488.10,4
2488.20,9
2488.30,9
2488.40,13
2488.50,6
2488.60,5
2488.70,6
2488.80,12
2488.90,10
2489.00,9
2489.10,8
2489.20,6
2489.30,7
2489.40,5
2489.50,12
2489.60,13
2489.70,5
2489.80,9
2489.90,6
2490.00,7
2490.10,6
2490.20,7
2490.30,7
2490.40,2
2490.50,6
2490.60,8
2490.70,5
2490.80,8
2490.90,9
2491.00,9
2491.10,11
2491.20,4
2491.30,8
2491.40,5
2491.50,7
2491.60,4
2491.70,8
2491.80,14
2491.90,11
2492.00,5
2492.10,5
2492.20,12
2492.30,10
2492.40,11
2492.50,4
2492.60,7
2492.70,5
2492.80,9
2492.90,9
2493.00,6
2493.10,5
2493.20,8
2493.30,10
2493.40,13
2493.50,6
2493.60,8
2493.70,9
2493.80,7
2493.90,10
2494.00,11
2494.10,11
2494.20,7
2494.30,6
2494.40,5
2494.50,4
2494.60,5
2494.70,12
2494.80,8
2494.90,6
2495.00,5
2495.10,4
2495.20,6
2495.30,11
2495.40,14
2495.50,8
2495.60,7
2495.70,4
2495.80,3
2495.90,8
2496.00,11
2496.10,6
2496.20,8
2496.30,5
2496.40,11
2496.50,4
2496.60,8
2496.70,10
2496.80,8
2496.90,5
2497.00,8
2497.10,6
2497.20,8
2497.30,9
2497.40,8
2497.50,8
2497.60,8
2497.70,5
2497.80,3
2497.90,11
2498.00,2
2498.10,11
2498.20,7
2498.30,5
2498.40,4
2498.50,6
2498.60,6
2498.70,8
2498.80,9
2498.90,6
2499.00,4
2499.10,7
2499.20,8
2499.30,9
2499.40,6
2499.50,4
2499.60,10
2499.70,9
2499.80,7
2499.90,5
2500.00,10
2500.10,5
2500.20,5
2500.30,7
2500.40,9
2500.50,9
2500.60,4
2500.70,5
2500.80,6
2500.90,10
2501.00,10
2501.10,5
2501.20,5
2501.30,4
2501.40,7
2501.50,5
2501.60,11
2501.70,4
2501.80,5
2501.90,7
2502.00,7
2502.10,4
2502.20,6
2502.30,2
2502.40,7
2502.50,8
2502.60,10
2502.70,7
2502.80,11
2502.90,5
2503.00,7
2503.10,6
2503.20,8
2503.30,6
2503.40,8
2503.50,7
2503.60,5
2503.70,8
2503.80,3
2503.90,6
2504.00,6
2504.10,10
2504.20,10
2504.30,5
2504.40,7
2504.50,8
2504.60,11
2504.70,4
2504.80,11
2504.90,4
2505.00,7
2505.10,7
2505.20,4
2505.30,6
2505.40,4
2505.50,10
2505.60,8
2505.70,3
2505.80,5
2505.90,8
2506.00,8
2506.10,10
2506.20,3
2506.30,4
2506.40,6
2506.50,10
2506.60,9
2506.70,10
2506.80,10
2506.90,9
2507.00,4
2507.10,5
2507.20,11
2507.30,1
2507.40,9
2507.50,7
2507.60,5
2507.70,7
2507.80,6
2507.90,9
2508.00,3
2508.10,8
2508.20,8
2508.30,3
2508.40,5
2508.50,7
2508.60,9
2508.70,9
2508.80,5
2508.90,6
2509.00,7
2509.10,5
2509.20,6
2509.30,3
2509.40,12
2509.50,11
2509.60,4
2509.70,7
2509.80,3
2509.90,7
2510.00,9
2510.10,7
2510.20,6
2510.30,2
2510.40,9
2510.50,4
2510.60,6
2510.70,6
2510.80,8
2510.90,7
2511.00,6
2511.10,5
2511.20,3
2511.30,7
2511.40,6
2511.50,6
2511.60,7
2511.70,7
2511.80,3
2511.90,9
2512.00,4
2512.10,7
2512.20,12
2512.30,11
2512.40,9
2512.50,5
2512.60,6
2512.70,10
2512.80,5
2512.90,6
2513.00,7
2513.10,9
2513.20,2
2513.30,5
2513.40,8
2513.50,5
2513.60,7
2513.70,7
2513.80,7
2513.90,12
2514.00,10
2514.10,3
2514.20,13
2514.30,8
2514.40,8
2514.50,5
2514.60,6
2514.70,4
2514.80,10
2514.90,8
2515.00,3
2515.10,10
2515.20,11
2515.30,4
2515.40,7
2515.50,7
2515.60,9
2515.70,2
2515.80,9
2515.90,8
2516.00,10
2516.10,10
2516.20,5
2516.30,12
2516.40,14
2516.50,5
2516.60,9
2516.70,13
2516.80,6
2516.90,8
2517.00,4
2517.10,7
2517.20,8
2517.30,7
2517.40,8
2517.50,11
2517.60,6
2517.70,7
2517.80,6
2517.90,3
2518.00,3
2518.10,7
2518.20,4
2518.30,11
2518.40,2
2518.50,5
2518.60,8
2518.70,10
2518.80,10
2518.90,5
2519.00,4
2519.10,7
2519.20,4
2519.30,2
2519.40,5
2519.50,8
2519.60,7
2519.70,4
2519.80,1
2519.90,8
2520.00,7
2520.10,8
2520.20,5
2520.30,7
2520.40,3
2520.50,8
2520.60,9
2520.70,2
2520.80,4
2520.90,7
2521.00,6
2521.10,6
2521.20,8
2521.30,5
2521.40,10
2521.50,5
2521.60,6
2521.70,2
2521.80,10
2521.90,5
2522.00,7
2522.10,11
2522.20,5
2522.30,8
2522.40,8
2522.50,8
2522.60,3
2522.70,4
2522.80,8
2522.90,9
2523.00,5
2523.10,6
2523.20,8
2523.30,10
2523.40,6
2523.50,11
2523.60,6
2523.70,3
2523.80,9
2523.90,7
2524.00,7
2524.10,10
2524.20,11
2524.30,8
2524.40,3
2524.50,8
2524.60,4
2524.70,9
2524.80,8
2524.90,7
2525.00,4
2525.10,6
2525.20,6
2525.30,7
2525.40,5
2525.50,7
2525.60,8
2525.70,7
2525.80,6
2525.90,3
2526.00,4
2526.10,4
2526.20,6
2526.30,3
2526.40,9
2526.50,5
2526.60,8
2526.70,8
2526.80,3
2526.90,5
2527.00,9
2527.10,9
2527.20,4
2527.30,3
2527.40,4
2527.50,7
2527.60,14
2527.70,13
2527.80,3
2527.90,7
2528.00,9
2528.10,4
2528.20,9
2528.30,7
2528.40,4
2528.50,11
2528.60,8
2528.70,6
2528.80,3
2528.90,3
2529.00,13
2529.10,4
2529.20,5
2529.30,5
2529.40,9
2529.50,5
2529.60,8
2529.70,4
2529.80,6
2529.90,5
2530.00,4
2530.10,6
2530.20,10
2530.30,2
2530.40,11
2530.50,13
2530.60,6
2530.70,6
2530.80,3
2530.90,2
2531.00,7
2531.10,3
2531.20,10
2531.30,11
2531.40,5
2531.50,7
2531.60,3
2531.70,7
2531.80,7
2531.90,4
2532.00,9
2532.10,5
2532.20,10
2532.30,4
2532.40,5
2532.50,7
2532.60,5
2532.70,4
2532.80,6
2532.90,11
2533.00,6
2533.10,6
2533.20,11
2533.30,7
2533.40,7
2533.50,8
2533.60,7
2533.70,7
2533.80,7
2533.90,4
2534.00,6
2534.10,6
2534.20,4
2534.30,7
2534.40,5
2534.50,8
2534.60,3
2534.70,6
2534.80,8
2534.90,4
2535.00,2
2535.10,4
2535.20,5
2535.30,3
2535.40,2
2535.50,6
2535.60,6
2535.70,7
2535.80,9
2535.90,2
2536.00,3
2536.10,7
2536.20,4
2536.30,9
2536.40,5
2536.50,8
2536.60,4
2536.70,7
2536.80,7
2536.90,11
2537.00,4
2537.10,7
2537.20,10
2537.30,7
2537.40,9
2537.50,4
2537.60,2
2537.70,6
2537.80,3
2537.90,5
2538.00,10
2538.10,6
2538.20,4
2538.30,3
2538.40,7
2538.50,11
2538.60,7
2538.70,6
2538.80,7
2538.90,3
2539.00,5
2539.10,5
2539.20,9
2539.30,6
2539.40,3
2539.50,6
2539.60,5
2539.70,6
2539.80,8
2539.90,4
2540.00,6
2540.10,7
2540.20,3
2540.30,6
2540.40,3
2540.50,6
2540.60,8
2540.70,7
2540.80,5
2540.90,2
2541.00,8
2541.10,3
2541.20,6
2541.30,4
2541.40,14
2541.50,5
2541.60,8
2541.70,6
2541.80,3
2541.90,5
2542.00,11
2542.10,10
2542.20,4
2542.30,7
2542.40,4
2542.50,6
2542.60,5
2542.70,5
2542.80,5
2542.90,8
2543.00,10
2543.10,5
2543.20,12
2543.30,4
2543.40,4
2543.50,4
2543.60,2
2543.70,11
2543.80,8
2543.90,5
2544.00,4
2544.10,7
2544.20,6
2544.30,5
2544.40,5
2544.50,12
2544.60,3
2544.70,3
2544.80,7
2544.90,4
2545.00,7
2545.10,8
2545.20,4
2545.30,9
2545.40,2
2545.50,6
2545.60,7
2545.70,10
2545.80,4
2545.90,7
2546.00,7
2546.10,5
2546.20,7
2546.30,7
2546.40,9
2546.50,9
2546.60,1
2546.70,3
2546.80,8
2546.90,3
2547.00,4
2547.10,8
2547.20,2
2547.30,6
2547.40,7
2547.50,6
2547.60,5
2547.70,8
2547.80,1
2547.90,3
2548.00,6
2548.10,1
2548.20,5
2548.30,5
2548.40,7
2548.50,4
2548.60,13
2548.70,5
2548.80,5
2548.90,7
2549.00,9
2549.10,7
2549.20,2
2549.30,5
2549.40,8
2549.50,5
2549.60,9
2549.70,1
2549.80,8
2549.90,7
2550.00,5
2550.10,11
2550.20,5
2550.30,7
2550.40,4
2550.50,7
2550.60,7
2550.70,15
2550.80,7
2550.90,4
2551.00,7
2551.10,6
2551.20,4
2551.30,6
2551.40,10
2551.50,8
2551.60,7
2551.70,4
2551.80,5
2551.90,8
2552.00,7
2552.10,11
2552.20,10
2552.30,6
2552.40,8
2552.50,7
2552.60,7
2552.70,4
2552.80,3
2552.90,4
2553.00,4
2553.10,3
2553.20,9
2553.30,6
2553.40,3
2553.50,3
2553.60,4
2553.70,1
2553.80,5
2553.90,3
2554.00,11
2554.10,4
2554.20,3
2554.30,4
2554.40,7
2554.50,3
2554.60,2
2554.70,1
2554.80,4
2554.90,3
2555.00,4
2555.10,6
2555.20,9
2555.30,6
2555.40,3
2555.50,8
2555.60,6
2555.70,8
2555.80,3
2555.90,11
2556.00,5
2556.10,4
2556.20,3
2556.30,7
2556.40,4
2556.50,3
2556.60,6
2556.70,6
2556.80,8
2556.90,8
2557.00,9
2557.10,6
2557.20,2
2557.30,5
2557.40,6
2557.50,4
2557.60,2
2557.70,9
2557.80,5
2557.90,6
2558.00,6
2558.10,3
2558.20,7
2558.30,9
2558.40,7
2558.50,5
2558.60,4
2558.70,9
2558.80,7
2558.90,5
2559.00,4
2559.10,6
2559.20,1
2559.30,9
2559.40,10
2559.50,6
2559.60,6
2559.70,9
2559.80,4
2559.90,4
2560.00,2
2560.10,5
2560.20,7
2560.30,12
2560.40,6
2560.50,1
2560.60,9
2560.70,10
2560.80,6
2560.90,5
2561.00,9
2561.10,4
2561.20,4
2561.30,8
2561.40,7
2561.50,6
2561.60,8
2561.70,6
2561.80,2
2561.90,7
2562.00,8
2562.10,4
2562.20,4
2562.30,1
2562.40,2
2562.50,6
2562.60,9
2562.70,6
2562.80,8
2562.90,5
2563.00,4
2563.10,8
2563.20,7
2563.30,8
2563.40,5
2563.50,6
2563.60,5
2563.70,3
2563.80,4
2563.90,7
2564.00,4
2564.10,1
2564.20,4
2564.30,4
2564.40,4
2564.50,4
2564.60,3
2564.70,10
2564.80,6
2564.90,3
2565.00,3
2565.10,8
2565.20,8
2565.30,4
2565.40,5
2565.50,5
2565.60,11
2565.70,3
2565.80,5
2565.90,4
2566.00,4
2566.10,4
2566.20,5
2566.30,9
2566.40,6
2566.50,7
2566.60,3
2566.70,6
2566.80,9
2566.90,6
2567.00,4
2567.10,10
2567.20,3
2567.30,6
2567.40,2
2567.50,2
2567.60,5
2567.70,9
2567.80,5
2567.90,4
2568.00,9
2568.10,2
2568.20,2
2568.30,1
2568.40,4
2568.50,5
2568.60,6
2568.70,6
2568.80,3
2568.90,3
2569.00,3
2569.10,6
2569.20,4
2569.30,9
2569.40,3
2569.50,5
2569.60,4
2569.70,6
2569.80,5
2569.90,6
2570.00,7
2570.10,5
2570.20,5
2570.30,2
2570.40,7
2570.50,7
2570.60,6
2570.70,5
2570.80,5
2570.90,9
2571.00,7
2571.10,7
2571.20,10
2571.30,5
2571.40,5
2571.50,5
2571.60,6
2571.70,5
2571.80,9
2571.90,8
2572.00,3
2572.10,8
2572.20,4
2572.30,1
2572.40,9
2572.50,8
2572.60,3
2572.70,5
2572.80,3
2572.90,3
2573.00,15
2573.10,4
2573.20,5
2573.30,3
2573.40,7
2573.50,3
2573.60,7
2573.70,5
2573.80,5
2573.90,5
2574.00,5
2574.10,5
2574.20,5
2574.30,4
2574.40,4
2574.50,8
2574.60,8
2574.70,6
2574.80,2
2574.90,6
2575.00,5
2575.10,8
2575.20,5
2575.30,4
2575.40,5
2575.50,4
2575.60,3
2575.70,4
2575.80,5
2575.90,5
2576.00,5
2576.10,7
2576.20,10
2576.30,4
2576.40,5
2576.50,4
2576.60,7
2576.70,7
2576.80,6
2576.90,5
2577.00,7
2577.10,6
2577.20,5
2577.30,6
2577.40,5
2577.50,8
2577.60,8
2577.70,5
2577.80,3
2577.90,4
2578.00,4
2578.10,4
2578.20,6
2578.30,11
2578.40,3
2578.50,6
2578.60,3
2578.70,8
2578.80,11
2578.90,4
2579.00,4
2579.10,4
2579.20,2
2579.30,7
2579.40,3
2579.50,10
2579.60,1
2579.70,2
2579.80,3
2579.90,7
2580.00,4
2580.10,5
2580.20,4
2580.30,5
2580.40,6
2580.50,5
2580.60,6
2580.70,3
2580.80,3
2580.90,4
2581.00,2
2581.10,8
2581.20,5
2581.30,4
2581.40,2
2581.50,5
2581.60,7
2581.70,1
2581.80,7
2581.90,4
2582.00,3
2582.10,7
2582.20,9
2582.40,8
2582.50,1
2582.60,5
2582.70,6
2582.80,5
2582.90,2
2583.00,4
2583.10,4
2583.20,7
2583.30,4
2583.40,5
2583.50,4
2583.60,5
2583.70,5
2583.80,5
2583.90,2
2584.10,7
2584.20,4
2584.30,6
2584.40,7
2584.50,3
2584.60,5
2584.70,5
2584.80,7
2584.90,4
2585.00,8
2585.10,8
2585.20,3
2585.30,7
2585.40,3
2585.50,6
2585.60,7
2585.70,4
2585.80,4
2585.90,5
2586.00,5
2586.10,5
2586.20,3
2586.30,1
2586.40,5
2586.50,3
2586.60,11
2586.70,2
2586.80,6
2586.90,5
2587.00,8
2587.10,7
2587.20,2
2587.30,4
2587.40,7
2587.50,7
2587.60,5
2587.70,4
2587.80,7
2587.90,6
2588.00,1
2588.10,4
2588.20,8
2588.30,8
2588.40,10
2588.50,2
2588.60,6
2588.70,5
2588.80,5
2588.90,6
2589.00,5
2589.10,4
2589.20,4
2589.30,3
2589.40,3
2589.50,3
2589.60,2
2589.70,3
2589.80,4
2589.90,6
2590.00,5
2590.10,4
2590.20,8
2590.30,8
2590.40,6
2590.50,4
2590.60,4
2590.70,5
2590.80,6
2590.90,6
2591.00,7
2591.10,3
2591.20,7
2591.30,5
2591.40,3
2591.50,4
2591.60,5
2591.70,8
2591.80,4
2591.90,1
2592.00,3
2592.10,6
2592.20,2
2592.30,5
2592.40,4
2592.50,11
2592.60,5
2592.70,3
2592.80,4
2592.90,2
2593.00,5
2593.10,1
2593.20,7
2593.30,7
2593.40,3
2593.50,6
2593.60,5
2593.70,4
2593.80,3
2593.90,5
2594.00,3
2594.10,5
2594.20,4
2594.30,3
2594.40,4
2594.50,2
2594.60,3
2594.70,8
2594.80,6
2594.90,4
2595.00,3
2595.10,4
2595.20,2
2595.30,3
2595.40,1
2595.50,4
2595.60,5
2595.70,2
2595.80,3
2595.90,2
2596.00,3
2596.10,5
2596.20,3
2596.30,3
2596.40,5
2596.50,3
2596.60,6
2596.70,3
2596.80,5
2596.90,10
2597.00,4
2597.10,3
2597.20,4
2597.30,2
2597.40,5
2597.50,1
2597.60,3
2597.70,2
2597.80,7
2597.90,6
2598.00,3
2598.10,2
2598.20,5
2598.30,8
2598.40,2
2598.50,4
2598.60,7
2598.70,3
2598.80,8
2598.90,2
2599.00,3
2599.10,4
2599.20,6
2599.30,5
2599.40,2
2599.50,5
2599.60,4
2599.70,3
2599.80,1
2599.90,3
2600.00,5
2600.10,7
2600.20,5
2600.30,6
2600.40,4
2600.50,2
2600.60,4
2600.70,5
2600.80,5
2600.90,4
2601.00,4
2601.10,7
2601.20,4
2601.30,4
2601.40,2
2601.50,3
2601.60,1
2601.70,7
2601.80,3
2601.90,1
2602.00,1
2602.10,3
2602.20,6
2602.30,3
2602.40,9
2602.50,3
2602.60,5
2602.70,5
2602.80,10
2602.90,4
2603.00,2
2603.10,4
2603.20,9
2603.30,6
2603.40,3
2603.50,7
2603.60,4
2603.70,2
2603.80,2
2603.90,7
2604.00,6
2604.10,4
2604.20,3
2604.30,6
2604.40,3
2604.50,2
2604.60,7
2604.70,1
2604.80,4
2604.90,10
2605.00,4
2605.10,7
2605.20,3
2605.30,5
2605.40,2
2605.50,4
2605.60,2
2605.70,4
2605.80,4
2605.90,2
2606.00,3
2606.10,5
2606.20,2
2606.30,1
2606.40,4
2606.50,6
2606.60,3
2606.70,5
2606.80,6
2607.00,8
2607.10,3
2607.20,3
2607.30,5
2607.40,4
2607.50,4
2607.60,2
2607.80,6
2607.90,2
2608.00,3
2608.10,1
2608.20,7
2608.30,6
2608.40,7
2608.50,6
2608.60,8
2608.70,4
2608.80,2
2608.90,4
2609.00,3
2609.10,3
2609.20,6
2609.30,6
2609.40,4
2609.50,8
2609.60,2
2609.70,3
2609.80,6
2609.90,4
2610.00,8
2610.10,1
2610.20,3
2610.30,5
2610.40,4
2610.50,4
2610.60,4
2610.70,2
2610.80,4
2610.90,7
2611.00,4
2611.10,1
2611.20,6
2611.30,4
2611.40,5
2611.50,2
2611.60,7
2611.70,4
2611.80,3
2611.90,8
2612.00,7
2612.10,6
2612.20,4
2612.30,6
2612.40,4
2612.50,1
2612.60,4
2612.70,4
2612.80,8
2612.90,1
2613.00,2
2613.10,2
2613.20,2
2613.30,1
2613.40,5
2613.50,4
2613.60,3
2613.70,5
2613.80,2
2613.90,5
2614.00,8
2614.10,6
2614.20,1
2614.30,3
2614.40,1
2614.50,4
2614.60,1
2614.70,3
2614.80,5
2614.90,4
2615.00,3
2615.10,4
2615.20,2
2615.30,1
2615.40,4
2615.50,11
2615.60,1
2615.80,4
2615.90,4
2616.00,4
2616.10,4
2616.20,6
2616.30,2
2616.40,7
2616.50,4
2616.60,9
2616.70,2
2616.80,8
2616.90,5
2617.00,2
2617.10,5
2617.20,5
2617.30,2
2617.40,2
2617.60,4
2617.70,5
2617.80,3
2617.90,7
2618.00,3
2618.10,2
2618.20,5
2618.30,8
2618.40,2
2618.50,4
2618.60,5
2618.70,2
2618.80,3
2618.90,3
2619.00,3
2619.10,3
2619.20,1
2619.30,4
2619.40,3
2619.50,3
2619.60,5
2619.70,6
2619.80,5
2619.90,3
2620.00,4
2620.10,3
2620.20,1
2620.40,5
2620.50,5
2620.60,3
2620.70,6
2620.80,1
2620.90,4
2621.00,2
2621.10,7
2621.20,2
2621.30,4
2621.40,3
2621.50,2
2621.60,6
2621.80,4
2621.90,1
2622.00,6
2622.10,1
2622.20,5
2622.30,2
2622.40,3
2622.50,5
2622.60,5
2622.70,3
2622.80,3
2622.90,1
2623.00,3
2623.10,2
2623.20,2
2623.30,9
2623.40,4
2623.70,5
2623.80,5
2623.90,1
2624.00,3
2624.10,3
2624.20,5
2624.30,4
2624.40,4
2624.50,3
2624.60,3
2624.70,4
2624.80,3
2624.90,6
2625.10,4
2625.20,2
2625.30,2
2625.40,3
2625.50,3
2625.60,7
2625.70,1
2625.80,3
2625.90,6
2626.00,3
2626.10,3
2626.20,4
2626.30,6
2626.40,3
2626.50,3
2626.60,4
2626.70,4
2626.80,4
2626.90,6
2627.00,4
2627.10,7
2627.20,4
2627.30,4
2627.40,2
2627.50,6
2627.60,3
2627.70,3
2627.80,4
2627.90,4
2628.00,2
2628.10,9
2628.20,5
2628.30,2
2628.40,7
2628.50,5
2628.60,5
2628.70,6
2628.80,6
2628.90,2
2629.00,8
2629.10,3
2629.20,1
2629.30,7
2629.40,3
2629.50,4
2629.60,6
2629.70,4
2629.80,5
2629.90,1
2630.00,5
2630.10,1
2630.30,2
2630.40,3
2630.50,2
2630.60,6
2630.70,4
2630.80,3
2630.90,5
2631.00,5
2631.10,3
2631.20,4
2631.30,9
2631.50,4
2631.60,5
2631.70,3
2631.80,6
2631.90,7
2632.00,4
2632.10,4
2632.20,6
2632.30,3
2632.40,5
2632.50,2
2632.60,1
2632.70,5
2632.80,5
2632.90,2
2633.00,1
2633.10,3
2633.20,3
2633.30,1
2633.40,3
2633.50,6
2633.60,3
2633.70,5
2633.90,3
2634.00,3
2634.10,2
2634.20,5
2634.30,7
2634.40,2
2634.50,2
2634.60,2
2634.70,4
2634.80,3
2634.90,5
2635.00,5
2635.10,4
2635.20,2
2635.30,8
2635.40,6
2635.50,3
2635.60,4
2635.70,2
2635.80,1
2635.90,2
2636.00,6
2636.10,4
2636.20,2
2636.40,3
2636.50,1
2636.60,5
2636.70,5
2636.80,3
2636.90,3
2637.00,4
2637.10,3
2637.20,9
2637.30,1
2637.50,5
2637.60,2
2637.70,5
2637.80,2
2637.90,5
2638.00,4
2638.10,7
2638.20,6
2638.30,5
2638.40,5
2638.50,1
2638.60,2
2638.70,4
2638.80,1
2638.90,2
2639.00,4
2639.10,4
2639.20,4
2639.30,4
2639.40,5
2639.50,5
2639.60,8
2639.70,3
2639.80,3
2640.00,1
2640.10,3
2640.20,6
2640.30,3
2640.40,2
2640.50,4
2640.60,3
2640.70,4
2640.80,4
2640.90,5
2641.00,2
2641.10,3
2641.20,2
2641.30,5
2641.40,2
2641.50,4
2641.60,4
2641.70,3
2641.80,2
2641.90,4
2642.00,4
2642.10,1
2642.20,8
2642.30,4
2642.40,1
2642.50,2
2642.60,5
2642.70,1
2642.80,2
2642.90,5
2643.00,4
2643.10,1
2643.20,6
2643.30,5
2643.40,3
2643.50,1
2643.60,7
2643.70,4
2643.80,1
2643.90,3
2644.00,6
2644.10,4
2644.20,4
2644.30,1
2644.40,2
2644.50,4
2644.60,1
2644.70,3
2644.80,1
2644.90,4
2645.00,3
2645.10,2
2645.20,2
2645.30,2
2645.40,4
2645.50,6
2645.60,2
2645.70,4
2645.80,3
2645.90,4
2646.10,2
2646.20,4
2646.30,5
2646.40,6
2646.50,4
2646.60,3
2646.70,2
2646.80,3
2646.90,3
2647.00,5
2647.10,5
2647.20,2
2647.30,5
2647.40,3
2647.50,4
2647.60,2
2647.70,3
2647.80,3
2647.90,3
2648.00,2
2648.10,1
2648.20,1
2648.30,6
2648.40,3
2648.50,2
2648.60,7
2648.70,3
2648.80,1
2648.90,6
2649.00,3
2649.10,3
2649.20,3
2649.30,4
2649.40,4
2649.50,2
2649.60,5
2649.70,5
2649.80,3
2649.90,3
2650.00,1
2650.10,3
2650.20,6
2650.30,1
2650.40,1
2650.50,2
2650.60,5
2650.70,4
2650.80,1
2650.90,2
2651.00,2
2651.10,9
2651.20,2
2651.30,1
2651.40,2
2651.50,1
2651.60,4
2651.70,4
2651.80,1
2652.00,1
2652.10,3
2652.20,4
2652.30,3
2652.50,5
2652.60,3
2652.70,4
2652.80,1
2652.90,3
2653.00,1
2653.10,9
2653.20,4
2653.30,2
2653.40,3
2653.50,2
2653.60,8
2653.80,2
2653.90,1
2654.00,4
2654.10,1
2654.20,2
2654.40,4
2654.50,2
2654.60,1
2654.70,3
2654.80,1
2654.90,2
2655.00,4
2655.10,3
2655.20,1
2655.30,4
2655.40,5
2655.50,5
2655.70,6
2655.80,4
2655.90,3
2656.00,2
2656.10,4
2656.20,4
2656.30,3
2656.40,2
2656.60,5
2656.70,1
2656.80,2
2656.90,4
2657.00,1
2657.10,4
2657.20,6
2657.30,3
2657.40,3
2657.50,6
2657.60,3
2657.70,2
2657.80,4
2657.90,3
2658.00,5
2658.10,4
2658.20,4
2658.30,2
2658.40,5
2658.50,5
2658.60,3
2658.70,3
2658.80,5
2658.90,2
2659.00,1
2659.10,1
2659.20,5
2659.30,1
2659.40,1
2659.50,1
2659.60,4
2659.70,2
2659.80,2
2659.90,4
2660.00,3
2660.10,3
2660.20,2
2660.30,1
2660.50,2
2660.60,3
2660.70,4
2660.80,3
2660.90,6
2661.00,2
2661.10,4
2661.20,7
2661.30,1
2661.40,2
2661.50,3
2661.60,4
2661.70,5
2661.80,3
2661.90,4
2662.00,3
2662.10,2
2662.20,4
2662.30,2
2662.40,1
2662.60,1
2662.70,4
2662.80,1
2662.90,1
2663.00,1
2663.10,1
2663.20,5
2663.30,5
2663.40,2
2663.50,3
2663.60,1
2663.70,5
2663.80,7
2663.90,5
2664.00,2
2664.10,1
2664.20,2
2664.30,4
2664.40,3
2664.50,4
2664.60,1
2664.70,2
2664.80,2
2664.90,2
2665.00,4
2665.10,1
2665.20,3
2665.30,2
2665.40,2
2665.50,5
2665.60,3
2665.70,2
2665.90,3
2666.10,1
2666.20,4
2666.30,2
2666.40,1
2666.50,2
2666.60,1
2666.70,6
2666.80,1
2666.90,2
2667.00,1
2667.10,1
2667.20,2
2667.30,7
2667.40,4
2667.50,1
2667.70,1
2667.80,5
2667.90,2
2668.10,2
2668.20,3
2668.30,2
2668.40,1
2668.50,3
2668.70,3
2668.80,2
2668.90,2
2669.00,1
2669.10,1
2669.20,2
2669.30,1
2669.40,7
2669.50,2
2669.60,3
2669.90,1
2670.00,3
2670.10,5
2670.20,6
2670.30,3
2670.40,2
2670.60,3
2670.70,2
2670.80,2
2670.90,4
2671.00,1
2671.10,4
2671.20,3
2671.30,3
2671.40,2
2671.50,3
2671.60,3
2671.70,2
2671.80,4
2671.90,1
2672.00,3
2672.10,3
2672.30,6
2672.40,2
2672.50,1
2672.60,1
2672.70,1
2672.80,4
2672.90,1
2673.00,5
2673.10,2
2673.20,2
2673.30,2
2673.40,3
2673.50,2
2673.60,2
2673.70,3
2673.80,3
2673.90,2
2674.00,3
2674.10,1
2674.20,4
2674.30,5
2674.40,4
2674.50,3
2674.70,1
2674.80,5
2674.90,3
2675.10,1
2675.20,7
2675.30,5
2675.40,1
2675.50,3
2675.60,1
2675.70,5
2675.80,2
2675.90,3
2676.00,1
2676.10,2
2676.20,5
2676.30,3
2676.40,3
2676.50,2
2676.60,1
2676.70,3
2676.80,2
2676.90,3
2677.00,1
2677.10,2
2677.20,2
2677.30,6
2677.40,2
2677.50,2
2677.70,2
2677.80,1
2677.90,4
2678.00,2
2678.10,7
2678.20,1
2678.30,2
2678.40,1
2678.50,2
2678.60,1
2678.70,4
2678.80,2
2678.90,3
2679.00,5
2679.10,1
2679.20,3
2679.30,4
2679.40,2
2679.50,1
2679.60,3
2679.70,3
2679.80,2
2679.90,2
2680.00,1
2680.10,3
2680.30,2
2680.40,4
2680.50,1
2680.60,5
2680.70,1
2680.80,2
2680.90,1
2681.00,2
2681.20,2
2681.30,2
2681.40,3
2681.50,2
2681.60,1
2681.70,4
2681.80,2
2682.00,1
2682.10,3
2682.20,4
2682.30,3
2682.50,1
2682.60,2
2682.70,1
2682.80,2
2682.90,3
2683.00,3
2683.10,2
2683.30,1
2683.40,5
2683.50,5
2683.60,1
2683.80,3
2683.90,5
2684.00,3
2684.10,1
2684.20,2
2684.30,3
2684.40,1
2684.50,2
2684.60,1
2684.80,2
2684.90,1
2685.00,3
2685.10,2
2685.20,3
2685.30,1
2685.40,4
2685.50,2
2685.60,2
2685.70,3
2685.80,4
2685.90,3
2686.00,2
2686.10,2
2686.20,3
2686.30,2
2686.40,2
2686.50,3
2686.60,6
2686.70,4
2686.80,1
2686.90,4
2687.00,2
2687.10,3
2687.20,2
2687.30,2
2687.50,3
2687.60,2
2687.70,1
2687.80,1
2687.90,1
2688.00,1
2688.10,1
2688.20,1
2688.30,2
2688.40,6
2688.50,2
2688.60,3
2688.70,4
2688.80,5
2688.90,2
2689.00,2
2689.10,5
2689.20,2
2689.30,1
2689.40,1
2689.50,2
2689.60,1
2689.70,3
2689.80,3
2690.00,2
2690.10,3
2690.20,3
2690.30,3
2690.40,4
2690.50,2
2690.70,1
2690.80,6
2690.90,3
2691.00,2
2691.10,1
2691.30,2
2691.40,1
2691.50,5
2691.70,1
2691.80,3
2691.90,2
2692.00,3
2692.20,5
2692.30,6
2692.40,2
2692.50,2
2692.60,2
2692.70,5
2692.80,2
2692.90,3
2693.00,4
2693.10,3
2693.20,2
2693.30,2
2693.40,1
2693.50,1
2693.60,3
2693.70,4
2693.80,1
2693.90,4
2694.00,1
2694.10,5
2694.20,5
2694.30,3
2694.40,1
2694.50,1
2694.60,2
2694.70,2
2694.80,8
2694.90,2
2695.00,4
2695.10,6
2695.20,4
2695.50,2
2695.60,2
2695.70,3
2695.80,2
2696.00,3
2696.20,2
2696.30,2
2696.40,1
2696.50,3
2696.60,1
2696.70,2
2696.80,1
2697.00,1
2697.10,3
2697.20,3
2697.30,3
2697.50,4
2697.60,2
2697.70,4
2697.80,2
2697.90,4
2698.00,3
2698.10,3
2698.20,4
2698.30,1
2698.40,4
2698.50,1
2698.70,2
2698.80,2
2698.90,1
2699.00,2
2699.20,1
2699.40,4
2699.50,2
2699.60,1
2699.70,2
2699.80,1
2699.90,2
2700.10,1
2700.20,1
2700.30,6
2700.40,3
2700.50,3
2700.60,2
2700.70,1
2700.80,2
2700.90,2
2701.00,2
2701.10,2
2701.20,3
2701.30,3
2701.50,2
2701.60,1
2701.80,1
2702.00,3
2702.20,3
2702.30,4
2702.70,1
2702.80,1
2702.90,1
2703.10,2
2703.20,2
2703.30,3
2703.40,1
2703.50,1
2703.60,5
2703.70,4
2703.80,1
2703.90,2
2704.00,3
2704.10,4
2704.20,1
2704.40,5
2704.50,2
2704.60,2
2704.80,6
2704.90,2
2705.00,2
2705.10,1
2705.20,2
2705.40,1
2705.50,2
2705.60,2
2705.70,3
2705.80,2
2705.90,2
2706.00,1
2706.30,1
2706.40,2
2706.60,2
2706.70,2
2706.80,3
2706.90,1
2707.00,2
2707.10,4
2707.20,2
2707.30,1
2707.40,3
2707.50,2
2707.60,3
2707.70,4
2707.80,1
2707.90,1
2708.20,3
2708.30,4
2708.40,1
2708.50,3
2708.60,3
2708.70,2
2708.80,1
2708.90,2
2709.10,2
2709.20,2
2709.30,2
2709.50,4
2709.60,1
2709.70,1
2709.80,1
2710.10,1
2710.20,2
2710.30,3
2710.40,1
2710.50,1
2710.60,3
2710.70,4
2710.80,2
2710.90,1
2711.00,2
2711.20,2
2711.40,2
2711.50,1
2711.60,1
2711.70,1
2711.80,3
2712.00,3
2712.10,2
2712.20,3
2712.30,2
2712.40,3
2712.50,2
2712.60,3
2712.70,2
2712.80,1
2712.90,2
2713.00,1
2713.10,3
2713.20,2
2713.30,2
2713.40,1
2713.50,3
2713.60,2
2713.80,2
2713.90,2
2714.00,2
2714.10,2
2714.20,1
2714.30,2
2714.50,3
2714.60,4
2715.00,1
2715.10,1
2715.20,3
2715.30,1
2715.40,2
2715.50,3
2715.60,7
2715.70,3
2715.80,1
2715.90,4
2716.00,3
2716.10,1
2716.30,3
2716.40,1
2716.50,2
2716.60,3
2716.80,3
2716.90,1
2717.00,1
2717.10,1
2717.20,3
2717.30,2
2717.40,1
2717.50,1
2717.60,1
2717.80,2
2717.90,2
2718.10,1
2718.20,3
2718.40,1
2718.50,3
2718.60,5
2718.70,2
2718.90,3
2719.00,1
2719.10,3
2719.20,1
2719.30,1
2719.40,1
2719.60,3
2719.70,2
2719.80,2
2719.90,3
2720.00,3
2720.10,2
2720.20,2
2720.50,2
2720.60,1
2720.70,2
2720.80,1
2720.90,2
2721.00,2
2721.10,2
2721.20,1
2721.30,1
2721.40,3
2721.50,1
2721.60,2
2721.70,7
2721.90,4
2722.00,1
2722.10,2
2722.20,2
2722.30,1
2722.40,1
2722.60,3
2722.70,1
2722.90,2
2723.00,4
2723.10,1
2723.20,1
2723.30,2
2723.50,2
2723.60,3
2723.90,1
2724.00,1
2724.10,2
2724.30,2
2724.40,3
2724.50,1
2724.60,2
2724.70,1
2724.80,1
2724.90,1
2725.00,3
2725.30,2
2725.40,1
2725.50,1
2725.70,4
2725.80,1
2725.90,4
2726.00,3
2726.10,1
2726.20,1
2726.30,2
2726.40,1
2726.50,1
2726.70,2
2726.80,1
2726.90,2
2727.00,2
2727.10,2
2727.30,2
2727.50,5
2727.70,3
2727.80,4
2727.90,2
2728.10,5
2728.20,1
2728.30,2
2728.40,1
2728.60,1
2728.70,4
2728.80,3
2728.90,1
2729.00,3
2729.10,1
2729.30,2
2729.40,1
2729.50,1
2729.60,1
2729.80,2
2729.90,1
2730.00,5
2730.10,3
2730.30,2
2730.50,1
2730.60,3
2730.70,2
2730.80,1
2730.90,1
2731.00,1
2731.10,1
2731.20,2
2731.50,2
2731.60,2
2731.70,2
2731.80,1
2731.90,3
2732.00,1
2732.20,2
2732.30,2
2732.40,1
2732.50,3
2732.70,1
2732.80,2
2732.90,1
2733.00,1
2733.10,5
2733.30,5
2733.40,4
2733.50,1
2733.60,3
2733.80,1
2733.90,2
2734.00,2
2734.20,3
2734.40,2
2734.50,3
2734.60,2
2734.70,2
2734.90,4
2735.00,2
2735.30,4
2735.40,3
2735.50,1
2735.60,1
2735.70,1
2735.80,1
2735.90,1
2736.00,1
2736.10,1
2736.20,1
2736.30,2
2736.50,2
2736.60,2
2736.80,2
2737.00,5
2737.10,2
2737.20,1
2737.30,3
2737.40,2
2737.50,1
2737.60,1
2737.80,3
2737.90,1
2738.10,1
2738.40,2
2738.80,1
2739.00,2
2739.10,1
2739.40,2
2739.50,2
2739.60,1
2739.70,3
2739.80,1
2739.90,2
2740.00,1
2740.30,1
2740.40,4
2740.60,1
2740.70,2
2740.80,1
2740.90,3
2741.00,1
2741.10,1
2741.20,1
2741.30,1
2741.40,2
2741.50,2
2741.70,1
2742.00,1
2742.10,1
2742.30,3
2742.40,3
2742.60,3
2742.70,1
2742.90,1
2743.00,2
2743.10,3
2743.20,2
2743.50,2
2743.80,1
2744.00,4
2744.20,3
2744.30,3
2744.50,1
2744.60,1
2744.70,4
2745.00,1
2745.10,3
2745.20,2
2745.30,2
2745.40,1
2745.50,1
2745.80,1
2745.90,3
2746.00,1
2746.10,4
2746.30,1
2746.40,3
2746.60,1
2746.70,2
2746.80,1
2746.90,1
2747.00,2
2747.10,1
2747.20,1
2747.30,1
2747.50,1
2747.60,1
2747.70,2
2747.90,2
2748.00,2
2748.10,1
2748.30,2
2748.40,2
2748.50,2
2748.60,1
2748.70,1
2748.90,1
2749.00,2
2749.10,1
2749.20,1
2749.30,1
2749.40,1
2749.50,2
2749.60,1
2749.70,1
2749.90,2
2750.00,1
2750.10,2
2750.20,1
2750.30,3
2750.40,1
2750.50,2
2750.60,1
2750.80,2
2751.00,1
2751.10,3
2751.20,1
2751.50,1
2751.60,1
2751.70,1
2751.80,1
2751.90,1
2752.00,1
2752.10,1
2752.20,2
2752.30,2
2752.40,2
2752.50,4
2752.60,1
2752.70,1
2752.80,1
2752.90,3
2753.10,1
2753.20,1
2753.30,1
2753.40,2
2753.60,1
2753.70,1
2753.90,1
2754.00,3
2754.10,2
2754.20,2
2754.40,1
2754.50,1
2754.70,2
2754.90,1
2755.00,3
2755.10,1
2755.50,3
2755.60,2
2755.70,1
2756.10,1
2756.20,3
2756.50,3
2756.70,2
2756.80,2
2756.90,1
2757.00,2
2757.10,2
2757.20,1
2757.40,2
2757.50,1
2757.60,2
2757.70,1
2757.80,1
2757.90,4
2758.20,1
2758.30,1
2758.50,1
2758.60,3
2758.80,2
2758.90,1
2759.00,4
2759.10,3
2759.20,2
2759.30,2
2759.40,1
2759.50,1
2759.60,4
2759.80,1
2760.00,1
2760.20,3
2760.30,1
2760.50,2
2760.60,3
2760.70,1
2760.80,2
2761.00,1
2761.40,2
2761.50,1
2761.60,4
2761.70,2
2761.80,3
2761.90,3
2762.20,1
2762.40,3
2762.80,3
2762.90,1
2763.00,4
2763.30,1
2763.40,1
2763.50,2
2763.60,1
2763.70,1
2763.80,2
2763.90,1
2764.20,1
2764.40,1
2764.50,1
2764.80,1
2765.10,2
2765.20,1
2765.30,2
2765.50,1
2765.60,1
2765.80,1
2766.10,1
2766.20,1
2766.30,1
2766.50,2
2766.60,1
2766.70,2
2766.80,2
2767.00,1
2767.10,2
2767.30,2
2767.50,2
2767.70,5
2767.80,3
2767.90,4
2768.00,4
2768.10,1
2768.20,1
2768.30,5
2768.40,1
2768.60,3
2768.70,1
2768.80,1
2769.00,1
2769.20,1
2769.30,1
2769.40,1
2769.60,2
2769.80,3
2770.10,1
2770.20,1
2770.30,3
2770.40,1
2770.50,1
2770.60,1
2770.70,1
2770.80,1
2770.90,1
2771.00,2
2771.10,2
2771.30,2
2771.40,1
2771.50,1
2771.70,1
2772.00,1
2772.20,1
2772.30,2
2772.40,3
2772.50,1
2772.70,1
2772.80,2
2773.00,1
2773.10,1
2773.20,2
2773.30,1
2773.40,2
2773.70,1
2773.80,2
2773.90,2
2774.10,3
2774.30,3
2774.40,3
2774.50,2
2774.60,3
2774.90,4
2775.10,2
2775.20,2
2775.40,1
2775.50,1
2775.60,1
2775.80,2
2776.00,1
2776.10,2
2776.30,2
2776.70,1
2776.80,2
2776.90,2
2777.10,1
2777.30,1
2777.40,1
2777.50,2
2777.60,1
2777.70,1
2777.80,1
2777.90,1
2778.10,1
2778.20,1
2778.30,1
2778.40,3
2778.60,1
2778.80,1
2779.00,1
2779.30,1
2779.40,2
2779.50,1
2779.60,2
2779.70,2
2779.90,1
2780.00,2
2780.10,2
2780.20,1
2780.30,5
2780.60,1
2780.70,1
2781.10,1
2781.20,1
2781.30,1
2781.40,1
2781.50,2
2781.70,2
2782.10,1
2782.20,1
2782.30,2
2782.60,2
2782.80,1
2783.10,1
2783.60,1
2783.70,2
2783.80,3
2783.90,1
2784.40,1
2784.60,3
2784.80,1
2784.90,2
2785.20,1
2785.30,1
2785.60,1
2785.70,1
2785.80,1
2786.10,1
2786.20,1
2786.30,1
2786.50,2
2786.60,1
2786.70,1
2787.10,3
2787.30,1
2787.50,2
2787.60,4
2787.80,1
2788.30,1
2788.50,1
2788.60,2
2788.70,2
2788.90,1
2789.00,1
2789.10,2
2789.20,1
2789.50,1
2789.80,1
2789.90,1
2790.00,1
2790.10,2
2790.40,1
2790.50,1
2791.20,1
2791.30,1
2791.70,3
2791.80,1
2791.90,1
2792.00,1
2792.10,1
2792.20,1
2792.30,2
2792.50,2
2792.60,3
2792.70,3
2792.90,2
2793.10,1
2793.20,1
2793.40,1
2793.60,2
2793.70,1
2793.80,1
2793.90,1
2794.00,1
2794.10,1
2794.50,1
2794.60,2
2794.70,1
2794.90,1
2795.30,1
2795.40,1
2795.60,2
2795.80,1
2796.10,1
2796.20,2
2796.40,1
2796.50,1
2796.60,1
2797.00,1
2797.10,3
2797.50,1
2797.60,1
2797.70,1
2797.80,3
2797.90,1
2798.00,3
2798.10,1
2798.50,1
2798.70,2
2798.80,1
2798.90,1
2799.00,3
2799.10,1
2799.20,1
2799.40,1
2799.50,1
2799.90,1
2800.00,1
2800.10,2
2800.20,1
2800.40,1
2800.50,1
2800.70,1
2800.80,1
2801.40,1
2801.80,1
2802.00,1
2802.20,2
2802.30,1
2802.40,2
2802.60,1
2802.80,1
2803.30,3
2803.40,2
2803.50,2
2803.90,2
2804.00,1
2804.10,1
2804.70,1
2805.30,1
2805.60,1
2805.90,1
2806.00,1
2806.20,1
2806.40,2
2806.50,1
2806.60,2
2806.80,2
2806.90,1
2807.10,1
2807.20,1
2807.40,2
2807.50,2
2807.60,1
2807.80,1
2808.30,2
2808.60,2
2808.70,2
2808.80,1
2808.90,1
2809.10,1
2809.50,1
2809.60,2
2809.80,1
2810.20,1
2810.30,1
2810.50,1
2810.60,1
2810.90,2
2811.00,2
2812.10,1
2812.30,1
2812.60,3
2813.20,1
2813.30,1
2813.50,1
2813.60,3
2813.70,1
2813.90,1
2814.00,2
2814.10,1
2814.20,1
2814.30,1
2814.70,2
2814.80,1
2814.90,1
2815.40,1
2815.70,3
2815.80,1
2815.90,1
2816.20,1
2816.50,1
2816.80,1
2817.00,1
2817.20,1
2817.60,1
2817.90,3
2818.40,1
2818.70,1
2818.80,1
2818.90,1
2819.00,2
2819.40,1
2819.50,3
2819.60,1
2819.80,1
2819.90,1
2820.30,3
2820.40,1
2820.50,1
2820.80,1
2820.90,1
2821.30,2
2821.40,1
2821.50,1
2821.80,1
2821.90,1
2822.00,1
2822.10,1
2822.30,1
2822.40,1
2822.50,1
2822.70,1
2822.80,1
2823.00,1
2823.10,1
2823.20,1
2823.40,1
2823.80,1
2824.00,1
2824.20,1
2825.00,1
2825.10,1
2825.20,2
2825.30,1
2825.40,1
2825.50,1
2825.70,1
2825.80,1
2825.90,1
2826.50,1
2826.60,2
2826.80,1
2827.10,1
2827.40,1
2827.60,1
2827.80,1
2828.00,2
2828.40,2
2828.70,2
2828.90,1
2829.10,3
2829.50,1
2829.60,2
2829.80,2
2829.90,1
2830.60,2
2830.70,1
2831.40,1
2832.00,1
2832.30,1
2832.50,2
2832.70,1
2832.80,1
2833.20,1
2833.40,1
2833.50,1
2834.00,1
2834.10,2
2834.20,2
2834.30,1
2834.40,1
2834.50,1
2834.70,1
2834.80,1
2834.90,1
2835.00,4
2835.30,2
2835.40,1
2835.50,1
2835.60,1
2835.70,1
2835.80,1
2835.90,1
2836.20,2
2836.40,1
2836.70,3
2836.80,1
2836.90,1
2837.10,1
2837.80,1
2838.00,1
2838.20,1
2838.60,1
2838.70,1
2839.00,1
2839.30,1
2839.40,1
2839.50,2
2839.70,1
2839.90,2
2840.40,1
2840.80,2
2841.50,1
2841.60,1
2842.00,1
2842.30,1
2842.80,1
2842.90,1
2843.00,1
2843.10,1
2843.60,1
2844.20,1
2844.40,2
2844.60,1
2845.80,1
2846.30,1
2846.60,1
2846.90,1
2847.30,2
2847.40,1
2847.50,1
2847.70,1
2847.80,1
2848.10,1
2848.20,1
2848.50,1
2848.60,2
2848.80,2
2848.90,1
2849.00,1
2849.30,1
2849.40,1
2849.50,1
2849.60,1
2850.70,1
2850.80,1
2850.90,1
2851.10,2
2851.30,1
2851.80,1
2852.00,1
2852.40,1
2853.00,1
2853.90,1
2854.40,2
2854.50,1
2855.10,1
2855.30,2
2855.40,1
2855.90,1
2856.00,1
2856.30,1
2856.40,1
2856.80,1
2857.20,2
2857.60,1
2857.70,1
2857.80,2
2858.00,1
2858.20,1
2858.30,1
2858.70,1
2859.00,1
2859.40,1
2859.50,1
2859.90,3
2860.10,1
2861.50,2
2861.60,1
2861.90,1
2862.40,1
2863.10,1
2863.50,1
2863.60,1
2864.30,1
2864.50,1
2864.70,1
2864.90,1
2865.20,1
2865.50,1
2865.80,5
2866.80,1
2866.90,1
2867.00,1
2867.30,1
2867.50,1
2867.80,1
2868.20,1
2869.20,1
2869.80,1
2870.00,1
2870.60,2
2870.70,1
2871.20,1
2871.60,1
2872.10,1
2872.20,1
2872.40,1
2872.80,1
2873.00,1
2873.20,1
2873.40,1
2874.10,1
2874.40,3
2874.60,1
2874.80,1
2875.90,3
2877.20,1
2878.40,1
2878.50,1
2878.60,1
2879.00,1
2879.50,2
2879.60,1
2879.80,1
2880.00,1
2880.20,1
2880.30,1
2880.40,1
2880.50,1
2880.60,1
2881.60,1
2881.70,1
2881.90,1
2882.70,1
2882.90,1
2883.80,2
2884.40,1
2884.60,1
2884.80,1
2885.20,1
2885.60,2
2886.50,1
2888.50,1
2888.80,1
2889.30,1
2890.20,1
2891.10,2
2891.60,1
2893.10,1
2894.40,2
2894.50,1
2895.00,1
2895.30,1
2896.40,1
2896.70,1
2897.40,1
2897.70,1
2897.90,1
2900.50,2
2900.90,1
2901.40,1
2902.30,1
2904.00,1
2905.40,1
2906.10,1
2906.50,1
2906.80,1
2908.10,1
2908.40,1
2909.00,1
2910.00,1
2911.20,1
2911.30,1
2911.40,1
2911.60,1
2913.00,1
2914.20,1
2917.70,1
2918.00,1
2919.40,1
2919.60,1
2919.90,1
2920.70,1
2922.60,1
2923.80,1
2923.90,1
2924.30,1
2924.60,1
2924.90,1
2925.00,1
2925.80,1
2926.90,1
2928.40,2
2928.90,1
2929.70,1
2931.10,1
2931.20,1
2931.50,1
2932.60,1
2934.00,1
2937.70,1
2942.50,1
2942.80,1
2944.00,1
2945.50,1
2946.70,2
2951.70,1
2953.30,1
2955.00,1
2957.20,1
2957.30,1
2957.70,1
2961.50,1
2962.90,1
2965.20,1
2965.30,1
2966.20,2
2967.60,1
2974.10,1
2975.20,1
2976.20,1
2983.10,1
2985.30,1
2986.20,1
2990.30,1
2990.70,1
2991.70,1
2993.30,1
2996.60,1
3001.20,1
3001.60,1
3005.10,1
3015.00,1
3015.60,1
3017.80,1
3018.40,1
3019.00,1
3023.50,1
3026.00,1
3028.50,1
3035.20,1
3044.30,1
3057.20,1
3057.60,1
3057.90,1
3069.00,1
3084.80,1
3103.10,1
3112.30,1
